strategy_id,symbol,result,event_date,event_return,event_volume,event_rvol,setup_date,entry_date,entry,stop,exit_date,exit_reason,net_R,net_return,stopped,hit_10R
EP-003,ERAS,Winner,2026-01-07,0.424242,41378880,8.927912,2026-01-29,2026-01-30,10.35,9.5453,2026-04-15,10R target,9.974276,0.775484,0,1
EP-003,NAVN,Winner,2026-03-26,0.432787,21264080,7.86987,2026-04-17,2026-04-20,14.33,13.2186,2026-07-02,10R target,9.974212,0.773566,0,1
EP-003,SVCO,Winner,2026-03-13,0.524242,12047330,17.499628,2026-03-25,2026-03-26,7.13,6.6147,2026-05-06,10R target,9.972325,0.720676,0,1
EP-003,IONQ,Winner,2024-09-27,0.204715,45245540,7.077501,2024-10-09,2024-10-10,9.31,8.6403,2024-10-23,10R target,9.972198,0.717365,0,1
EP-003,ECHO,Winner,2025-06-16,0.491093,15844860,3.276336,2025-06-23,2025-06-24,25.27,23.4538,2025-08-26,10R target,9.972172,0.716704,0,1
EP-003,CELC,Winner,2025-07-28,1.67175,27636770,16.599367,2025-08-07,2025-08-08,44.43,41.2622,2025-10-20,10R target,9.971949,0.710977,0,1
EP-003,INOD,Winner,2024-05-08,0.553412,19162180,15.604592,2024-05-17,2024-05-20,12.17,11.3078,2024-07-15,10R target,9.971768,0.706427,0,1
EP-003,LFMD,Winner,2025-04-29,0.413115,21255230,12.508722,2025-05-13,2025-05-14,8.55,7.9639,2025-06-18,10R target,9.970826,0.683536,0,1
EP-003,PL,Winner,2025-12-11,0.350077,58974670,5.808359,2025-12-30,2025-12-31,19.745,18.4596,2026-03-20,10R target,9.969277,0.648987,0,1
EP-003,PL,Winner,2025-09-08,0.479326,64238870,6.956354,2025-09-16,2025-09-17,9.75,9.1271,2025-10-07,10R target,9.968697,0.636917,0,1
EP-003,LX,Winner,2024-11-26,0.255882,15639980,4.326881,2024-12-13,2024-12-16,5.75,5.3847,2025-02-20,10R target,9.968523,0.633391,0,1
EP-003,GLUE,Winner,2025-09-15,0.440748,31708490,16.672098,2025-10-02,2025-10-03,7.67,7.2159,2025-10-27,10R target,9.966218,0.590037,0,1
EP-003,HIMS,Winner,2024-05-07,0.060086,25707770,4.050123,2024-05-15,2024-05-16,13.83,13.0294,2024-06-07,10R target,9.965453,0.576921,0,1
EP-003,VSAT,Winner,2025-08-04,0.22316,10203850,3.565008,2025-08-15,2025-08-18,27.05,25.4894,2025-11-10,10R target,9.965334,0.574935,0,1
EP-003,TNGX,Winner,2026-03-05,0.362753,18008360,5.079865,2026-03-18,2026-03-19,18.68,17.6096,2026-06-08,10R target,9.965097,0.571024,0,1
EP-003,VRT,Winner,2026-02-11,0.244915,19793450,3.340822,2026-02-19,2026-02-20,240.99,227.3998,2026-05-13,10R target,9.964535,0.561934,0,1
EP-003,ARM,Winner,2026-03-25,0.163826,29579890,4.841634,2026-04-14,2026-04-15,161.22,152.4092,2026-05-20,10R target,9.963404,0.544509,0,1
EP-003,LGN,Winner,2026-04-08,0.0502,9421012,5.716338,2026-04-14,2026-04-15,68.58,65.045,2026-05-14,10R target,9.9612,0.513463,0,1
EP-003,SG,Winner,2024-03-01,0.284144,10039350,3.819276,2024-03-08,2024-03-11,18.89,17.9555,2024-05-10,10R target,9.95957,0.492684,0,1
EP-003,ZETA,Winner,2024-08-01,0.119981,10965660,3.077646,2024-08-20,2024-08-21,24.42,23.2284,2024-11-11,10R target,9.959012,0.485947,0,1
EP-003,U,Winner,2025-07-07,0.066207,33879450,3.033779,2025-07-11,2025-07-14,28.705,27.3101,2025-09-05,10R target,9.958841,0.483926,0,1
EP-003,DOCS,Winner,2024-08-09,0.387373,11796490,6.58499,2024-08-19,2024-08-20,36.5,34.9435,2024-11-08,10R target,9.9531,0.424443,0,1
EP-003,TME,Winner,2025-05-14,0.156569,21947730,3.235179,2025-05-22,2025-05-23,16.84,16.1556,2025-08-12,10R target,9.950785,0.404384,0,1
EP-003,BROS,Winner,2024-11-07,0.281339,20545630,6.384875,2024-11-25,2024-11-26,51.94,49.9001,2025-02-13,10R target,9.949076,0.390743,0,1
EP-003,ADMA,Winner,2024-05-10,0.271284,11700340,4.309069,2024-05-16,2024-05-17,9.07,8.7352,2024-07-11,10R target,9.945815,0.367109,0,1
EP-003,HBM,Winner,2025-08-13,0.150254,30836440,3.795235,2025-08-26,2025-08-27,11.59,11.1747,2025-10-02,10R target,9.944188,0.356347,0,1
EP-003,LRCX,Winner,2025-12-19,0.045962,38469400,3.23838,2025-12-26,2025-12-29,176.5,170.1822,2026-01-28,10R target,9.944126,0.355948,0,1
EP-003,CIEN,Winner,2025-09-04,0.233073,11296480,4.603897,2025-09-18,2025-09-19,137.71,132.8285,2025-10-29,10R target,9.943579,0.352477,0,1
EP-003,INDV,Winner,2025-07-31,0.16092,24098630,6.605548,2025-08-08,2025-08-11,22.0,21.2301,2025-10-30,10R target,9.942849,0.347949,0,1
EP-003,UAL,Winner,2024-10-16,0.124356,37212930,3.974685,2024-10-23,2024-10-24,74.42,71.9862,2024-11-26,10R target,9.938845,0.325037,0,1
EP-003,QCOM,Winner,2024-05-02,0.097435,25894850,3.169097,2024-05-09,2024-05-10,182.0,177.2738,2024-06-18,10R target,9.922983,0.257684,0,1
EP-003,CVX,Winner,2026-01-05,0.050994,35094880,3.699206,2026-01-15,2026-01-16,166.59,163.1509,2026-03-19,10R target,9.903121,0.204444,0,1
EP-003,SAN,Winner,2025-04-09,0.095486,20287330,3.184677,2025-04-29,2025-04-30,6.855,6.641,2025-07-25,60-session exit,9.8183,0.306534,0,0
EP-003,ELAN,Winner,2025-05-07,0.262881,22255380,3.475376,2025-05-16,2025-05-19,12.74,12.1833,2025-08-13,60-session exit,9.062178,0.395959,0,0
EP-003,FTNT,Winner,2024-08-07,0.253001,23535600,3.701314,2024-08-15,2024-08-16,73.25,70.8805,2024-11-08,60-session exit,7.86804,0.254519,0,0
EP-003,LRN,Winner,2024-10-23,0.391068,8919985,4.678423,2024-10-29,2024-10-30,91.32,87.4417,2025-01-28,60-session exit,7.512921,0.319069,0,0
EP-003,APA,Winner,2025-08-07,0.077519,22957930,3.236364,2025-08-18,2025-08-19,20.32,19.5833,2025-11-11,60-session exit,5.740954,0.208138,0,0
EP-003,INSM,Winner,2024-05-28,1.184545,33410130,9.971504,2024-06-05,2024-06-06,57.59,54.1712,2024-08-30,60-session exit,5.488729,0.325835,0,0
EP-003,ONON,Winner,2024-08-13,0.043489,18710370,3.439917,2024-08-19,2024-08-20,42.45,40.4842,2024-11-12,60-session exit,5.130241,0.237576,0,0
EP-003,FROG,Winner,2026-05-08,0.237285,9196270,3.356904,2026-05-21,2026-05-22,72.4,68.6695,2026-08-18,60-session exit,5.107949,0.263193,0,0
EP-003,TH,Winner,2026-04-01,0.364224,9715771,9.710275,2026-04-14,2026-04-15,14.41,13.7032,2026-07-10,60-session exit,4.981684,0.244357,0,0
EP-003,IP,Winner,2024-05-07,0.052004,28917780,3.479174,2024-05-17,2024-05-20,40.73,39.599,2024-08-14,60-session exit,4.693712,0.130335,0,0
EP-003,HAL,Winner,2026-01-05,0.078378,47339020,4.135743,2026-01-15,2026-01-16,32.68,31.6288,2026-04-14,60-session exit,4.532466,0.145797,0,0
EP-003,DDOG,Winner,2026-05-07,0.31327,25969980,4.151897,2026-05-14,2026-05-15,200.49,190.2948,2026-08-11,60-session exit,4.501039,0.228884,0,0
EP-003,ABVX,Winner,2025-07-23,5.86,27831870,12.435034,2025-07-30,2025-07-31,69.77,65.1785,2025-10-23,60-session exit,4.477896,0.294689,0,0
EP-003,MP,Winner,2025-07-10,0.506161,86416230,5.35048,2025-07-24,2025-07-25,61.28,56.904,2025-10-17,60-session exit,4.430444,0.316375,0,0
EP-003,YMM,Winner,2024-11-20,0.148191,25404200,3.786989,2024-11-29,2024-12-02,10.1,9.7185,2025-02-28,60-session exit,4.245463,0.160376,0,0
EP-003,UPWK,Winner,2024-10-23,0.266667,14743300,7.304338,2024-10-31,2024-11-01,13.74,13.1916,2025-01-30,60-session exit,4.125698,0.164667,0,0
EP-003,APLD,Winner,2024-09-05,0.657407,149889900,12.430261,2024-09-16,2024-09-17,6.03,5.3184,2024-12-10,60-session exit,4.072513,0.480587,0,0
EP-003,GERN,Winner,2024-03-15,0.92,111711000,6.534851,2024-03-22,2024-03-25,3.3,2.9966,2024-06-18,60-session exit,3.900324,0.358606,0,0
EP-003,EPD,Winner,2026-02-03,0.046224,15360050,3.065326,2026-02-10,2026-02-11,35.39,34.7487,2026-05-07,60-session exit,3.538644,0.06412,0,0
EP-003,EMR,Winner,2024-02-07,0.104286,9072196,3.070725,2024-02-22,2024-02-23,105.87,103.8712,2024-05-17,60-session exit,3.401254,0.064213,0,0
EP-003,PTON,Winner,2026-03-27,0.088452,38080000,3.163576,2026-04-14,2026-04-15,4.82,4.5089,2026-07-10,60-session exit,3.31229,0.213768,0,0
EP-003,SRPT,Winner,2025-07-29,0.142136,67570430,3.705684,2025-08-08,2025-08-11,17.41,15.2628,2025-11-03,60-session exit,3.262527,0.402365,0,0
EP-003,ONON,Winner,2025-04-04,0.052058,20431860,3.490523,2025-04-23,2025-04-24,44.22,41.203,2025-07-21,60-session exit,2.950475,0.201302,0,0
EP-003,UEC,Winner,2024-09-23,0.117329,24563180,3.12434,2024-10-09,2024-10-10,6.61,6.2524,2025-01-06,60-session exit,2.899551,0.15685,0,0
EP-003,PINS,Winner,2025-05-09,0.048816,44159570,3.260825,2025-05-16,2025-05-19,31.91,30.337,2025-08-13,60-session exit,2.419758,0.119279,0,0
EP-003,LAR,Winner,2025-12-19,0.094949,9362097,3.221351,2025-12-31,2026-01-02,5.67,5.2769,2026-03-30,60-session exit,2.413191,0.167312,0,0
EP-003,SBUX,Winner,2024-08-13,0.244969,157215500,7.519657,2024-08-20,2024-08-21,92.49,89.3261,2024-11-13,60-session exit,2.252004,0.077036,0,0
EP-003,MMM,Winner,2024-07-26,0.229906,32748920,6.896307,2024-08-15,2024-08-16,126.74,123.4749,2024-11-08,60-session exit,2.250043,0.057965,0,0
EP-003,AVAH,Winner,2025-08-07,0.493573,14408710,13.4271,2025-08-28,2025-08-29,7.87,7.468,2025-11-21,60-session exit,2.124862,0.108546,0,0
EP-003,TEVA,Winner,2024-07-31,0.062157,29987250,3.078477,2024-08-09,2024-08-12,17.33,16.7212,2024-11-04,60-session exit,2.094798,0.073591,0,0
EP-003,VISN,Winner,2025-08-04,0.862644,75863940,9.486398,2025-08-14,2025-08-15,15.002,14.125,2025-11-07,60-session exit,1.844837,0.107852,0,0
EP-003,DOC,Winner,2026-05-06,0.181102,28533640,3.288986,2026-05-14,2026-05-15,19.43,18.8543,2026-08-11,60-session exit,1.808448,0.053584,0,0
EP-003,COGT,Winner,2025-11-10,1.190283,23291230,6.359782,2025-11-17,2025-11-18,33.55,30.8573,2026-02-13,60-session exit,1.081777,0.086823,0,0
EP-003,CPNG,Winner,2025-05-07,0.108333,32286450,4.321957,2025-05-20,2025-05-21,27.18,26.2974,2025-08-15,60-session exit,1.02606,0.03332,0,0
EP-003,ZSQR,Winner,2024-12-26,0.485915,10267035,18.321165,2025-01-14,2025-01-15,8.14,6.7277,2025-04-10,60-session exit,0.880605,0.152791,0,0
EP-003,ECHO,Winner,2025-12-05,0.100671,28602480,6.635405,2025-12-23,2025-12-24,106.58,101.3688,2026-03-23,60-session exit,0.517512,0.025303,0,0
EP-003,VSTS,Winner,2026-05-12,0.290323,9378076,6.033528,2026-06-01,2026-06-02,12.75,12.1367,2026-08-26,60-session exit,0.414962,0.019961,0,0
EP-003,RAMP,Winner,2026-05-18,0.273432,13097580,11.584369,2026-06-09,2026-06-10,37.48,36.8345,2026-09-03,60-session exit,0.317621,0.005471,0,0
EP-003,PLRZ,Winner,2025-07-15,0.524716,20152320,19.186171,2025-07-18,2025-07-21,5.9939,-5.0841,2025-10-13,60-session exit,0.09695,0.179184,0,0
EP-003,GBTG,Loser,2026-05-04,0.575042,81224770,15.515659,2026-05-08,2026-05-11,9.42,9.0557,2026-08-05,60-session exit,-0.024269,-0.000938,0,0
EP-003,TXNM,Loser,2025-05-19,0.069781,8994871,6.904172,2025-05-30,2025-06-02,56.68,55.5749,2025-08-26,60-session exit,-0.084481,-0.001647,0,0
EP-003,WNW,Loser,2026-05-19,0.970954,51914540,16.45682,2026-06-01,2026-06-02,3.55,0.4512,2026-08-26,60-session exit,-0.347583,-0.303408,0,0
EP-003,GSAT,Loser,2026-04-14,0.09631,12495630,6.684266,2026-04-21,2026-04-22,80.67,76.8968,2026-07-17,60-session exit,-0.437644,-0.02047,0,0
EP-003,BHF,Loser,2025-11-06,0.26834,13991630,7.141814,2025-11-17,2025-11-18,65.62,63.3303,2026-02-13,60-session exit,-0.834706,-0.029126,0,0
EP-003,EPSM,Loser,2025-11-20,0.663636,24601500,7.97829,2025-12-04,2025-12-05,3.76,1.6935,2026-01-30,Stop,-1.003639,-0.551604,1,0
EP-003,SKYA,Loser,2025-06-04,0.687166,49530410,19.38199,2025-06-09,2025-06-10,5.86,4.3641,2025-08-05,Stop,-1.007835,-0.257272,1,0
EP-003,MB,Loser,2025-08-18,0.805634,12757290,18.520987,2025-09-08,2025-09-09,11.51,9.5,2025-09-12,Stop,-1.011453,-0.176628,1,0
EP-003,SHFS,Loser,2025-04-21,0.878924,43497130,18.900983,2025-04-29,2025-04-30,3.67,3.0516,2025-05-06,Stop,-1.01187,-0.17049,1,0
EP-003,ALMU,Loser,2026-04-13,0.42658,13463710,10.892607,2026-04-29,2026-04-30,18.9,16.6517,2026-07-13,Stop,-1.016812,-0.12096,1,0
EP-003,FTCI,Loser,2024-09-11,1.039982,28338880,16.914944,2024-09-26,2024-09-27,5.7,5.0229,2024-10-03,Stop,-1.016837,-0.120783,1,0
EP-003,SHFS,Loser,2025-09-02,0.517672,42316150,18.827591,2025-09-11,2025-09-12,4.38,3.8652,2025-09-15,Stop,-1.017015,-0.119543,1,0
EP-003,EVMN,Loser,2026-02-10,0.708652,15984310,15.107029,2026-02-18,2026-02-19,30.97,27.6135,2026-02-20,Stop,-1.018454,-0.11038,1,0
EP-003,SGML,Loser,2025-11-17,0.323432,44749630,6.347874,2025-12-01,2025-12-02,11.35,10.2042,2025-12-02,Stop,-1.019812,-0.102949,1,0
EP-003,SGML,Loser,2026-03-30,0.139579,20374970,5.951715,2026-04-07,2026-04-08,15.03,13.5192,2026-05-19,Stop,-1.019897,-0.102518,1,0
EP-003,QURE,Loser,2025-04-17,0.384452,14456120,6.670434,2025-04-24,2025-04-25,14.15,12.8028,2025-05-06,Stop,-1.021007,-0.097207,1,0
EP-003,HUT,Loser,2025-12-17,0.089824,22652540,3.368568,2025-12-24,2025-12-26,52.88,47.8882,2025-12-30,Stop,-1.021187,-0.096399,1,0
EP-003,SGMT,Loser,2024-10-01,0.126354,43838720,16.364365,2024-10-17,2024-10-18,5.4,4.8976,2024-11-15,Stop,-1.021495,-0.095046,1,0
EP-003,RXRX,Loser,2025-04-11,0.277162,83410760,3.682692,2025-04-25,2025-04-28,5.78,5.2426,2025-04-30,Stop,-1.021509,-0.094983,1,0
EP-003,SMR,Loser,2024-09-20,0.113424,17454440,4.656736,2024-10-07,2024-10-08,12.645,11.4693,2024-10-10,Stop,-1.02151,-0.094979,1,0
EP-003,VSAT,Loser,2024-11-21,0.20202,9422596,3.074082,2024-12-11,2024-12-12,9.5,8.6464,2024-12-18,Stop,-1.022258,-0.091853,1,0
EP-003,CIFR,Loser,2025-01-31,0.219149,43243880,3.474676,2025-02-14,2025-02-18,6.085,5.5454,2025-02-21,Stop,-1.022554,-0.090675,1,0
EP-003,OSS,Loser,2026-05-06,0.569089,17109240,8.471235,2026-05-15,2026-05-18,16.36,14.9108,2026-05-19,Stop,-1.022578,-0.090581,1,0
EP-003,OLMA,Loser,2025-11-18,1.36385,87328040,16.494051,2025-11-28,2025-12-01,27.565,25.1423,2025-12-30,Stop,-1.022756,-0.08989,1,0
EP-003,BLND,Loser,2024-08-09,0.226766,17895490,6.140538,2024-08-20,2024-08-21,3.94,3.5972,2024-08-22,Stop,-1.022986,-0.089011,1,0
EP-003,REPL,Loser,2024-06-21,0.080051,9777100,4.595391,2024-06-26,2024-06-27,8.7,7.9799,2024-07-03,Stop,-1.024163,-0.084772,1,0
EP-003,KOD,Loser,2026-03-26,0.747692,13184300,10.355097,2026-04-10,2026-04-13,43.35,39.7689,2026-04-16,Stop,-1.02421,-0.084609,1,0
EP-003,EVC,Loser,2026-05-06,0.932161,40330310,15.447264,2026-05-28,2026-05-29,9.52,8.7463,2026-06-03,Stop,-1.02461,-0.083268,1,0
EP-003,AVR,Loser,2026-01-21,0.053913,17469890,13.112401,2026-01-27,2026-01-28,6.35,5.842,2026-01-30,Stop,-1.024998,-0.082006,1,0
EP-003,RZLT,Loser,2025-04-23,0.276527,16931660,10.386537,2025-05-02,2025-05-05,4.16,3.8307,2025-05-06,Stop,-1.025265,-0.08116,1,0
EP-003,PRAX,Loser,2025-10-16,1.83714,13741860,12.686379,2025-10-29,2025-10-30,191.39,176.2922,2025-11-03,Stop,-1.025353,-0.080885,1,0
EP-003,WOOF,Loser,2024-09-11,0.32899,26468210,6.141785,2024-09-19,2024-09-20,4.845,4.4664,2024-09-23,Stop,-1.025594,-0.080143,1,0
EP-003,ALMS,Loser,2026-01-06,0.953069,65139560,15.218699,2026-01-16,2026-01-20,23.32,21.5073,2026-03-30,Stop,-1.02573,-0.07973,1,0
EP-003,LUNR,Loser,2025-05-13,0.224211,35779630,5.528824,2025-05-20,2025-05-21,11.72,10.811,2025-05-22,Stop,-1.025787,-0.079559,1,0
EP-003,KC,Loser,2024-11-20,0.422658,11658900,3.053554,2024-12-11,2024-12-12,9.4,8.6712,2024-12-16,Stop,-1.025795,-0.079535,1,0
EP-003,GOTU,Loser,2025-02-26,0.312253,15100510,4.835613,2025-03-19,2025-03-20,3.76,3.4695,2025-03-21,Stop,-1.02589,-0.07925,1,0
EP-003,ALT,Loser,2024-06-21,0.079125,11137560,3.817183,2024-07-12,2024-07-15,8.01,7.3939,2024-07-17,Stop,-1.026003,-0.078913,1,0
EP-003,QURE,Loser,2024-12-10,1.097327,61928110,15.773509,2025-01-02,2025-01-03,17.55,16.2247,2025-01-08,Stop,-1.026485,-0.077515,1,0
EP-003,CVNA,Loser,2024-02-23,0.320931,195305850,4.776645,2024-03-04,2024-03-05,16.122,14.9085,2024-03-15,Stop,-1.026571,-0.07727,1,0
EP-003,CYRX,Loser,2025-08-06,0.29822,9690858,10.700385,2025-08-14,2025-08-15,9.0,8.3329,2025-09-04,Stop,-1.026983,-0.076122,1,0
EP-003,ACRS,Loser,2026-03-09,0.107843,13708670,6.854422,2026-03-13,2026-03-16,3.61,3.3429,2026-03-24,Stop,-1.02703,-0.075992,1,0
EP-003,HTZ,Loser,2025-08-20,0.059615,42259530,4.850243,2025-08-29,2025-09-02,5.51,5.1037,2025-10-20,Stop,-1.027122,-0.075742,1,0
EP-003,ALT,Loser,2026-01-05,0.165242,27007060,4.466563,2026-01-16,2026-01-20,4.1,3.7991,2026-03-05,Stop,-1.027248,-0.075399,1,0
EP-003,PSKY,Loser,2025-09-11,0.155526,48508780,3.533198,2025-09-17,2025-09-18,18.0,16.6884,2025-10-14,Stop,-1.027448,-0.074865,1,0
EP-003,MGNI,Loser,2025-04-17,0.124242,9054426,3.003586,2025-04-25,2025-04-28,12.47,11.5731,2025-04-30,Stop,-1.027808,-0.073921,1,0
EP-003,IHRT,Loser,2025-11-04,0.371134,24800620,12.497321,2025-11-07,2025-11-10,4.595,4.2699,2025-11-10,Stop,-1.028268,-0.072751,1,0
EP-003,KSS,Loser,2025-08-27,0.240031,47362860,5.372108,2025-09-05,2025-09-08,16.78,15.6147,2025-09-12,Stop,-1.028801,-0.071443,1,0
EP-003,GLUE,Loser,2026-01-07,0.454091,23208660,10.035914,2026-01-15,2026-01-16,24.46,22.7688,2026-01-23,Stop,-1.028927,-0.071141,1,0
EP-003,FLG,Loser,2024-05-01,0.283015,31572221,4.691865,2024-05-08,2024-05-09,10.6801,9.9472,2024-05-22,Stop,-1.029145,-0.070622,1,0
EP-003,NAVN,Loser,2025-12-19,0.097313,10691790,5.251925,2026-01-06,2026-01-07,17.62,16.4126,2026-01-14,Stop,-1.029186,-0.070527,1,0
EP-003,NUVB,Loser,2025-11-19,0.489583,59110310,5.18213,2025-11-28,2025-12-01,7.93,7.397,2026-01-12,Stop,-1.029757,-0.069212,1,0
EP-003,NVCR,Loser,2024-12-02,0.489521,12214760,8.594466,2024-12-17,2024-12-18,31.99,29.8519,2024-12-19,Stop,-1.029924,-0.068835,1,0
EP-003,SFIX,Loser,2024-06-05,0.294007,21089600,8.972193,2024-06-26,2024-06-27,3.85,3.5945,2024-08-06,Stop,-1.030142,-0.068353,1,0
EP-003,VRDN,Loser,2024-09-10,0.321353,16590330,9.849696,2024-09-27,2024-09-30,22.75,21.2575,2024-11-15,Stop,-1.030485,-0.067606,1,0
EP-003,TTEC,Loser,2024-09-30,0.449383,19719180,14.101962,2024-10-07,2024-10-08,5.91,5.5229,2024-10-18,Stop,-1.030532,-0.067506,1,0
EP-003,CRNC,Loser,2025-11-20,0.275253,11532200,6.203601,2025-12-08,2025-12-09,12.66,11.8412,2025-12-10,Stop,-1.030922,-0.066679,1,0
EP-003,BHC,Loser,2025-04-17,0.133333,9207125,3.039031,2025-05-02,2025-05-05,5.37,5.0249,2025-05-05,Stop,-1.031124,-0.06626,1,0
EP-003,PACS,Loser,2025-11-17,0.483932,11860420,9.973772,2025-11-26,2025-11-28,32.49,30.4052,2025-12-03,Stop,-1.031168,-0.066168,1,0
EP-003,JMIA,Loser,2025-07-01,0.161692,15331860,4.26065,2025-07-18,2025-07-21,4.79,4.4871,2025-07-29,Stop,-1.031631,-0.065229,1,0
EP-003,TDUP,Loser,2025-05-06,0.477477,21094970,7.808223,2025-05-19,2025-05-20,7.04,6.5991,2025-07-10,Stop,-1.031933,-0.064631,1,0
EP-003,SVRA,Loser,2024-06-28,0.057743,9177541,3.029509,2024-07-10,2024-07-11,4.91,4.6031,2024-07-19,Stop,-1.031996,-0.064508,1,0
EP-003,SMCI,Loser,2026-02-04,0.13785,115558200,3.166817,2026-02-10,2026-02-11,33.89,31.7797,2026-02-11,Stop,-1.032119,-0.064268,1,0
EP-003,ORIC,Loser,2025-05-29,0.335008,14471370,9.82112,2025-06-10,2025-06-11,9.88,9.1149,2025-06-12,Stop,-1.03225,-0.079935,1,0
EP-003,BE,Loser,2024-11-08,0.234302,23196130,3.194808,2024-11-29,2024-12-02,27.55,25.8455,2024-12-03,Stop,-1.032325,-0.063871,1,0
EP-003,U,Loser,2026-03-27,0.135435,54029350,3.449894,2026-04-07,2026-04-08,23.44,21.9923,2026-04-08,Stop,-1.032382,-0.063762,1,0
EP-003,RUM,Loser,2026-04-16,0.145161,11309700,5.173242,2026-04-28,2026-04-29,7.04,6.6087,2026-04-29,Stop,-1.032643,-0.06327,1,0
EP-003,KLAR,Loser,2026-05-14,0.203068,27179890,4.725377,2026-05-21,2026-05-22,16.03,15.0484,2026-08-18,Stop,-1.032661,-0.063236,1,0
EP-003,OCUL,Loser,2024-02-22,0.289894,11046590,5.097582,2024-03-05,2024-03-06,11.03,10.3549,2024-03-07,Stop,-1.032676,-0.063206,1,0
EP-003,NAMS,Loser,2024-12-10,0.414147,9602543,7.773608,2024-12-24,2024-12-26,25.83,24.2503,2025-01-13,Stop,-1.032702,-0.063159,1,0
EP-003,ANNX,Loser,2025-12-19,0.072614,10460490,3.249466,2025-12-24,2025-12-26,5.16,4.8491,2026-01-02,Stop,-1.033195,-0.062251,1,0
EP-003,U,Loser,2025-05-28,0.125172,39242000,3.313316,2025-06-03,2025-06-04,26.5,24.9079,2025-06-05,Stop,-1.033289,-0.06208,1,0
EP-003,LCID,Loser,2025-09-05,0.139233,33386950,3.060708,2025-09-18,2025-09-19,20.5,19.2711,2025-10-22,Stop,-1.033363,-0.061947,1,0
EP-003,GOGO,Loser,2025-05-09,0.453104,12478590,7.338924,2025-05-15,2025-05-16,12.35,11.6183,2025-05-23,Stop,-1.033755,-0.061251,1,0
EP-003,TSHA,Loser,2026-04-15,0.273885,9836581,3.105803,2026-04-24,2026-04-27,6.36,5.9838,2026-05-15,Stop,-1.033808,-0.061158,1,0
EP-003,MGNX,Loser,2026-05-12,0.19322,9609972,9.037024,2026-05-26,2026-05-27,4.45,4.1416,2026-05-29,Stop,-1.03389,-0.071663,1,0
EP-003,SVC,Loser,2024-12-20,0.064378,9555668,7.658442,2025-01-10,2025-01-13,12.9,12.1413,2025-03-11,Stop,-1.034005,-0.060814,1,0
EP-003,PTON,Loser,2025-07-30,0.187702,44271020,3.996266,2025-08-15,2025-08-18,8.52,8.0201,2025-08-19,Stop,-1.034089,-0.06067,1,0
EP-003,ELF,Loser,2024-11-07,0.114343,9411215,3.393352,2024-11-29,2024-12-02,129.37,121.7913,2024-12-02,Stop,-1.03414,-0.060582,1,0
EP-003,ATEC,Loser,2024-10-31,0.396797,16686340,6.27659,2024-11-06,2024-11-07,8.86,8.3432,2024-11-15,Stop,-1.034286,-0.060334,1,0
EP-003,MGNI,Loser,2024-05-16,0.223469,14195850,6.176827,2024-05-29,2024-05-30,12.3,11.5848,2024-08-08,Stop,-1.034396,-0.060145,1,0
EP-003,MLYS,Loser,2025-09-02,0.864341,15718580,9.407862,2025-09-22,2025-09-23,38.94,36.6831,2025-10-07,Stop,-1.034507,-0.059959,1,0
EP-003,NBIS,Loser,2025-09-09,0.494224,88378300,6.102598,2025-09-29,2025-09-30,113.445,106.8904,2025-10-21,Stop,-1.034615,-0.059778,1,0
EP-003,CIEN,Loser,2026-02-06,0.072496,33471360,8.271961,2026-02-24,2026-02-25,345.99,326.2216,2026-03-03,Stop,-1.035004,-0.059136,1,0
EP-003,COGT,Loser,2025-07-07,0.233509,31658900,8.118513,2025-07-23,2025-07-24,12.42,11.7129,2025-07-29,Stop,-1.035131,-0.05893,1,0
EP-003,ASPN,Loser,2024-05-02,0.567017,11894540,10.289495,2024-05-09,2024-05-10,26.98,25.4565,2024-05-14,Stop,-1.035419,-0.058468,1,0
EP-003,EWTX,Loser,2024-09-19,0.546932,11932330,8.051728,2024-10-10,2024-10-11,29.99,28.2993,2024-12-12,Stop,-1.035476,-0.058377,1,0
EP-003,RNG,Loser,2026-02-20,0.343995,14567860,3.984653,2026-03-09,2026-03-10,41.73,39.3792,2026-03-11,Stop,-1.035503,-0.058333,1,0
EP-003,TGTX,Loser,2025-03-03,0.143902,13500040,6.117318,2025-03-17,2025-03-18,40.38,38.1058,2025-03-31,Stop,-1.035512,-0.058319,1,0
EP-003,W,Loser,2024-02-22,0.107831,14027770,3.13962,2024-03-01,2024-03-04,60.18,56.7967,2024-04-15,Stop,-1.035575,-0.058219,1,0
EP-003,YPF,Loser,2025-10-27,0.237848,15631830,4.421881,2025-11-04,2025-11-05,37.55,35.4527,2025-11-07,Stop,-1.035807,-0.057854,1,0
EP-003,APP,Loser,2024-11-07,0.462652,18592810,4.171964,2024-11-29,2024-12-02,335.785,317.1278,2024-12-11,Stop,-1.035995,-0.057563,1,0
EP-003,VRT,Loser,2024-04-24,0.068208,28787710,3.123516,2024-05-03,2024-05-06,94.39,89.1742,2024-06-04,Stop,-1.036194,-0.057258,1,0
EP-003,HIMS,Loser,2024-02-26,0.076681,9742936,3.370811,2024-03-12,2024-03-13,14.28,13.4948,2024-04-15,Stop,-1.036371,-0.056989,1,0
EP-003,PLTR,Loser,2024-12-20,0.085433,281230800,3.030762,2024-12-26,2024-12-27,81.42,76.9622,2024-12-30,Stop,-1.036529,-0.05675,1,0
EP-003,HLLY,Loser,2025-11-07,0.326007,20819350,13.973872,2025-11-18,2025-11-19,3.89,3.678,2025-11-20,Stop,-1.036693,-0.056506,1,0
EP-003,GRPN,Loser,2025-03-12,0.430911,11165040,7.177998,2025-03-26,2025-03-27,18.21,17.2231,2025-04-04,Stop,-1.036903,-0.056197,1,0
EP-003,MAGN,Loser,2025-11-20,0.278894,9417850,8.500666,2025-12-05,2025-12-08,14.16,13.3938,2026-01-20,Stop,-1.036961,-0.056112,1,0
EP-003,WAY,Loser,2026-02-17,0.084784,12468740,4.103553,2026-02-27,2026-03-02,25.14,23.791,2026-03-13,Stop,-1.037272,-0.055659,1,0
EP-003,MBLY,Loser,2024-03-06,0.114183,13351180,3.369864,2024-03-11,2024-03-12,27.93,26.4507,2024-05-24,Stop,-1.037761,-0.054965,1,0
EP-003,TGTX,Loser,2024-08-06,0.195816,10042000,3.306912,2024-08-23,2024-08-26,24.55,23.2531,2024-08-27,Stop,-1.037859,-0.054828,1,0
EP-003,TDS,Loser,2024-05-09,0.286275,9635305,7.003397,2024-05-14,2024-05-15,21.39,20.2609,2024-05-16,Stop,-1.03789,-0.054784,1,0
EP-003,NXT,Loser,2024-05-15,0.069054,12442820,3.373098,2024-05-30,2024-05-31,57.39,54.4231,2024-05-31,Stop,-1.038686,-0.053698,1,0
EP-003,CLF,Loser,2025-02-10,0.179283,62112510,4.198462,2025-02-20,2025-02-21,11.97,11.3512,2025-02-21,Stop,-1.038689,-0.053694,1,0
EP-003,EVH,Loser,2024-08-09,0.264974,9228710,3.607638,2024-08-21,2024-08-22,28.25,26.796,2024-10-02,Stop,-1.038859,-0.053468,1,0
EP-003,WBD,Loser,2025-09-11,0.289474,298443300,4.860271,2025-09-23,2025-09-24,19.52,18.5192,2025-10-07,Stop,-1.039009,-0.05327,1,0
EP-003,ADMA,Loser,2024-08-09,0.30927,14567790,3.558704,2024-08-15,2024-08-16,17.59,16.7057,2024-09-03,Stop,-1.039781,-0.052275,1,0
EP-003,RLYB,Loser,2026-05-04,0.500531,10663600,17.975431,2026-05-22,2026-05-26,15.74,14.9677,2026-05-26,Stop,-1.04076,-0.051068,1,0
EP-003,VSXY,Loser,2025-12-05,0.179937,12135120,4.269195,2025-12-11,2025-12-12,53.39,50.7721,2026-03-05,Stop,-1.040788,-0.051034,1,0
EP-003,GTLB,Loser,2025-10-16,0.105969,19150250,4.016381,2025-10-24,2025-10-27,49.22,46.8181,2025-11-04,Stop,-1.040984,-0.0508,1,0
EP-003,RKT,Loser,2024-08-02,0.123047,11339010,3.139151,2024-08-16,2024-08-19,18.88,17.9596,2024-10-03,Stop,-1.041023,-0.050753,1,0
EP-003,NIO,Loser,2026-03-10,0.153846,147968700,3.568512,2026-03-17,2026-03-18,5.9,5.6125,2026-03-20,Stop,-1.04104,-0.050734,1,0
EP-003,ALAB,Loser,2024-10-09,0.155967,12526270,3.455991,2024-10-28,2024-10-29,72.96,69.4087,2024-10-31,Stop,-1.041089,-0.050674,1,0
EP-003,LQDA,Loser,2025-08-12,0.136792,10692410,3.478664,2025-08-21,2025-08-22,27.3,25.9717,2025-09-12,Stop,-1.041104,-0.050657,1,0
EP-003,U,Loser,2024-08-09,0.082173,35526560,3.155518,2024-08-21,2024-08-22,17.34,16.4998,2024-08-28,Stop,-1.041274,-0.050457,1,0
EP-003,EVH,Loser,2025-06-23,0.135135,11365470,4.43436,2025-06-26,2025-06-27,10.8,10.2818,2025-07-18,Stop,-1.041685,-0.049979,1,0
EP-003,XYZ,Loser,2026-02-27,0.168164,40658070,3.577464,2026-03-10,2026-03-11,65.95,62.7864,2026-03-12,Stop,-1.041693,-0.04997,1,0
EP-003,WRBY,Loser,2025-05-20,0.156339,10945780,3.555557,2025-06-06,2025-06-09,22.28,21.2122,2025-06-26,Stop,-1.041733,-0.049924,1,0
EP-003,XERS,Loser,2025-08-07,0.202186,10175490,4.317478,2025-08-21,2025-08-22,7.6,7.2373,2025-11-06,Stop,-1.041909,-0.049722,1,0
EP-003,CRDO,Loser,2024-05-30,0.270524,10833930,4.727045,2024-06-12,2024-06-13,29.02,27.6529,2024-06-21,Stop,-1.042454,-0.04911,1,0
EP-003,BAH,Loser,2025-04-02,0.05095,9497200,3.226822,2025-04-16,2025-04-17,110.39,105.2016,2025-05-23,Stop,-1.042553,-0.049001,1,0
EP-003,GLW,Loser,2026-01-27,0.155766,25446520,4.226638,2026-02-18,2026-02-19,132.0,125.8088,2026-03-06,Stop,-1.042641,-0.048903,1,0
EP-003,MDB,Loser,2025-08-27,0.379584,20747030,5.795319,2025-09-05,2025-09-08,326.25,310.971,2025-09-17,Stop,-1.042706,-0.048832,1,0
EP-003,CPRI,Loser,2025-08-06,0.145055,12219180,3.91185,2025-08-25,2025-08-26,21.44,20.4403,2025-09-02,Stop,-1.042892,-0.048629,1,0
EP-003,DLO,Loser,2024-11-14,0.128319,11473310,7.748429,2024-11-27,2024-11-29,11.4,10.8704,2024-12-04,Stop,-1.043051,-0.048457,1,0
EP-003,SNDK,Loser,2025-06-09,0.068199,10990270,3.464784,2025-06-25,2025-06-26,49.595,47.3084,2025-06-26,Stop,-1.043379,-0.048106,1,0
EP-003,KVYO,Loser,2025-11-06,0.071429,11842080,3.788299,2025-11-12,2025-11-13,29.03,27.6968,2025-11-14,Stop,-1.04355,-0.047924,1,0
EP-003,GTLB,Loser,2024-09-04,0.216428,13611620,5.689564,2024-09-13,2024-09-16,54.46,51.9638,2024-09-17,Stop,-1.043634,-0.047836,1,0
EP-003,ANF,Loser,2025-11-25,0.3754,12810120,6.037741,2025-12-03,2025-12-04,99.4,94.8559,2025-12-05,Stop,-1.043749,-0.047715,1,0
EP-003,DOCU,Loser,2025-03-14,0.148059,11933870,4.178249,2025-03-24,2025-03-25,89.1,85.0291,2025-03-28,Stop,-1.043774,-0.047689,1,0
EP-003,ETSY,Loser,2024-02-01,0.091046,13694230,3.238949,2024-02-06,2024-02-07,74.6,71.2382,2024-02-22,Stop,-1.044382,-0.047064,1,0
EP-003,AES,Loser,2025-07-09,0.197832,70142240,3.559437,2025-07-17,2025-07-18,13.25,12.6566,2025-08-14,Stop,-1.044658,-0.046785,1,0
EP-003,ATEC,Loser,2025-08-01,0.301512,13007890,6.235416,2025-08-08,2025-08-11,14.98,14.3126,2025-10-01,Stop,-1.044891,-0.046552,1,0
EP-003,INTC,Loser,2025-09-18,0.227711,523908000,5.337944,2025-10-09,2025-10-10,38.46,36.7519,2025-10-10,Stop,-1.045032,-0.046413,1,0
EP-003,COUR,Loser,2024-11-25,0.111111,12947810,4.23721,2024-12-03,2024-12-04,8.34,7.9703,2024-12-13,Stop,-1.045114,-0.046332,1,0
EP-003,ELF,Loser,2025-05-29,0.235801,16438230,5.054265,2025-06-16,2025-06-17,124.07,118.5846,2025-06-20,Stop,-1.045236,-0.046213,1,0
EP-003,EMBJ,Loser,2025-07-30,0.105444,9410027,3.436632,2025-08-08,2025-08-11,57.58,55.0676,2025-08-20,Stop,-1.045836,-0.045634,1,0
EP-003,MDB,Loser,2025-12-02,0.222337,9487545,4.510674,2025-12-09,2025-12-10,412.76,394.8665,2026-01-02,Stop,-1.046135,-0.045351,1,0
EP-003,ONON,Loser,2024-05-14,0.182796,24862700,5.125335,2024-05-20,2024-05-21,38.2,36.5691,2024-07-03,Stop,-1.046844,-0.044695,1,0
EP-003,OKTA,Loser,2025-04-29,0.073957,10055610,3.095103,2025-05-02,2025-05-05,113.16,108.351,2025-05-28,Stop,-1.047062,-0.044497,1,0
EP-003,IOT,Loser,2024-09-06,0.136,12523430,3.729582,2024-09-23,2024-09-24,49.75,47.6397,2024-09-27,Stop,-1.047151,-0.044417,1,0
EP-003,PBI,Loser,2025-02-12,0.116705,9167969,3.525608,2025-02-20,2025-02-21,10.8,10.3427,2025-02-21,Stop,-1.047229,-0.044346,1,0
EP-003,VFC,Loser,2024-07-17,0.135724,32408390,4.079948,2024-07-23,2024-07-24,16.22,15.5369,2024-08-02,Stop,-1.04749,-0.044115,1,0
EP-003,CYTK,Loser,2026-05-05,0.167146,18079520,7.209016,2026-05-21,2026-05-22,78.39,75.1065,2026-05-28,Stop,-1.047748,-0.043887,1,0
EP-003,SNOW,Loser,2024-11-21,0.32706,55121600,6.851017,2024-11-29,2024-12-02,175.03,167.718,2024-12-13,Stop,-1.047875,-0.043776,1,0
EP-003,NET,Loser,2024-08-02,0.068011,10348640,3.500689,2024-08-15,2024-08-16,81.28,77.8918,2024-09-03,Stop,-1.047979,-0.043685,1,0
EP-003,BMBL,Loser,2024-05-09,0.114898,10381890,3.269236,2024-05-21,2024-05-22,11.93,11.4428,2024-05-23,Stop,-1.048976,-0.042837,1,0
EP-003,ZETA,Loser,2024-09-05,0.07918,12344640,4.048906,2024-09-17,2024-09-18,27.47,26.3525,2024-10-21,Stop,-1.049162,-0.042682,1,0
EP-003,OIS,Loser,2024-03-15,0.0625,15563750,6.389242,2024-03-25,2024-03-26,6.13,5.8815,2024-04-12,Stop,-1.049339,-0.042536,1,0
EP-003,SGRY,Loser,2025-01-28,0.211765,9133787,6.473915,2025-02-03,2025-02-04,25.2,24.1799,2025-02-28,Stop,-1.049406,-0.042481,1,0
EP-003,LFST,Loser,2025-11-06,0.299376,10399230,5.607314,2025-11-26,2025-11-28,6.6,6.3329,2025-12-02,Stop,-1.049414,-0.042475,1,0
EP-003,KVUE,Loser,2025-11-03,0.123173,203526000,4.940102,2025-11-11,2025-11-12,16.66,15.9895,2025-11-17,Stop,-1.049692,-0.042248,1,0
EP-003,BILL,Loser,2025-08-28,0.18184,13968610,3.469991,2025-09-09,2025-09-10,53.71,51.553,2025-09-12,Stop,-1.0498,-0.042161,1,0
EP-003,CEG,Loser,2024-09-20,0.222926,15031400,4.665082,2024-10-08,2024-10-09,276.05,264.9828,2024-10-09,Stop,-1.049886,-0.042091,1,0
EP-003,NCLH,Loser,2024-02-27,0.198368,50173300,3.681272,2024-03-08,2024-03-11,19.99,19.1897,2024-03-12,Stop,-1.049958,-0.042034,1,0
EP-003,OGN,Loser,2026-01-20,0.079909,24897580,3.95804,2026-01-23,2026-01-26,9.74,9.3514,2026-01-26,Stop,-1.050132,-0.041894,1,0
EP-003,INSM,Loser,2025-06-10,0.286503,15711550,5.387267,2025-06-17,2025-06-18,101.15,97.154,2025-07-02,Stop,-1.050626,-0.041505,1,0
EP-003,HOG,Loser,2025-07-30,0.133769,13785880,6.491713,2025-08-18,2025-08-19,27.75,26.6599,2025-10-06,Stop,-1.050911,-0.041284,1,0
EP-003,TOST,Loser,2025-05-09,0.114325,24000480,3.281588,2025-05-20,2025-05-21,43.9,42.179,2025-05-22,Stop,-1.051017,-0.041202,1,0
EP-003,UAL,Loser,2024-04-17,0.174458,67541270,5.492459,2024-04-26,2024-04-29,52.8,50.7415,2024-05-01,Stop,-1.051299,-0.040987,1,0
EP-003,PTEN,Loser,2024-12-20,0.053498,30319290,3.165334,2025-01-03,2025-01-06,8.56,8.2267,2025-01-28,Stop,-1.051367,-0.040935,1,0
EP-003,AS,Loser,2025-05-20,0.190507,19816160,4.334644,2025-06-05,2025-06-06,37.54,36.0816,2025-06-13,Stop,-1.051482,-0.040848,1,0
EP-003,STAA,Loser,2025-08-05,0.46133,40320090,15.17187,2025-08-11,2025-08-12,27.4,26.3391,2025-10-07,Stop,-1.051653,-0.04072,1,0
EP-003,HL,Loser,2025-08-07,0.181669,67811970,3.091365,2025-08-18,2025-08-19,7.74,7.4418,2025-08-19,Stop,-1.051917,-0.040523,1,0
EP-003,PAYO,Loser,2024-08-07,0.232381,14463640,4.41648,2024-08-19,2024-08-20,7.16,6.8852,2024-08-22,Stop,-1.052116,-0.040376,1,0
EP-003,CRWD,Loser,2024-06-05,0.119772,64142360,4.220239,2024-06-14,2024-06-17,95.6875,92.0242,2024-07-10,Stop,-1.052241,-0.040284,1,0
EP-003,SE,Loser,2025-08-12,0.190727,19418600,3.846576,2025-08-18,2025-08-19,177.51,170.7312,2025-10-15,Stop,-1.052372,-0.040188,1,0
EP-003,VIAV,Loser,2025-01-31,0.205205,17601290,7.65879,2025-02-11,2025-02-12,12.25,11.7833,2025-02-21,Stop,-1.052491,-0.040102,1,0
EP-003,TER,Loser,2025-07-30,0.188846,19844250,4.536579,2025-08-14,2025-08-15,111.65,107.4049,2025-08-20,Stop,-1.052602,-0.040021,1,0
EP-003,LEVI,Loser,2026-04-08,0.106545,11543120,3.756879,2026-04-15,2026-04-16,22.43,21.5779,2026-05-12,Stop,-1.052647,-0.039989,1,0
EP-003,ALNY,Loser,2024-06-24,0.345202,9193815,7.828272,2024-07-03,2024-07-05,246.95,237.6774,2024-07-18,Stop,-1.053264,-0.039549,1,0
EP-003,ELAN,Loser,2024-05-08,0.24926,19729090,3.918203,2024-05-14,2024-05-15,17.33,16.6798,2024-05-21,Stop,-1.05331,-0.039517,1,0
EP-003,GAP,Loser,2024-11-21,0.068865,20166200,3.681346,2024-12-06,2024-12-09,26.06,25.0904,2024-12-11,Stop,-1.053756,-0.039205,1,0
EP-003,ROIV,Loser,2026-02-06,0.221381,24052000,3.738146,2026-02-20,2026-02-23,27.2,26.1883,2026-03-30,Stop,-1.05377,-0.039196,1,0
EP-003,IONS,Loser,2025-09-02,0.348423,16461730,6.139034,2025-09-11,2025-09-12,63.85,61.4779,2025-09-15,Stop,-1.053835,-0.039151,1,0
EP-003,TEVA,Loser,2024-12-17,0.264688,57818890,5.507505,2024-12-24,2024-12-26,22.32,21.4945,2025-01-02,Stop,-1.054077,-0.038985,1,0
EP-003,GENI,Loser,2024-11-12,0.17203,11033510,4.51334,2024-11-27,2024-11-29,9.9,9.4639,2024-12-10,Stop,-1.054283,-0.046444,1,0
EP-003,DAL,Loser,2025-07-10,0.119921,46966380,3.842427,2025-07-18,2025-07-21,56.375,54.3043,2025-07-25,Stop,-1.054451,-0.03873,1,0
EP-003,TWLO,Loser,2025-01-24,0.201323,17519410,6.418323,2025-02-05,2025-02-06,148.15,142.7516,2025-02-11,Stop,-1.054886,-0.038439,1,0
EP-003,P,Loser,2025-08-28,0.323365,20382350,6.349106,2025-09-09,2025-09-10,80.35,77.4265,2025-11-20,Stop,-1.054968,-0.038385,1,0
EP-003,AAL,Loser,2024-12-05,0.168011,110116900,4.232137,2024-12-11,2024-12-12,17.61,16.9694,2024-12-13,Stop,-1.054984,-0.038374,1,0
EP-003,LW,Loser,2025-07-23,0.163108,10537920,3.57582,2025-07-29,2025-07-30,59.76,57.593,2025-07-31,Stop,-1.055154,-0.038262,1,0
EP-003,SSRM,Loser,2025-08-06,0.17321,11010460,4.288604,2025-08-18,2025-08-19,16.66,16.0585,2025-08-19,Stop,-1.055398,-0.038102,1,0
EP-003,CLBT,Loser,2025-08-14,0.092924,10675350,5.33843,2025-08-26,2025-08-27,15.82,15.2511,2025-11-06,Stop,-1.055616,-0.037961,1,0
EP-003,UNH,Loser,2025-08-15,0.119783,68198480,3.107285,2025-08-22,2025-08-25,308.49,297.3986,2025-08-26,Stop,-1.055627,-0.037954,1,0
EP-003,UAA,Loser,2024-08-08,0.191654,45365960,3.428598,2024-08-21,2024-08-22,8.43,8.127,2024-08-28,Stop,-1.055651,-0.037938,1,0
EP-003,DOCU,Loser,2024-03-08,0.044996,14756060,4.137729,2024-03-20,2024-03-21,58.98,56.9381,2024-04-02,Stop,-1.057769,-0.036621,1,0
EP-003,VSTS,Loser,2024-09-05,0.11769,9870022,5.120142,2024-09-24,2024-09-25,15.79,15.2504,2024-09-25,Stop,-1.058524,-0.036174,1,0
EP-003,OUT,Loser,2024-02-22,0.18504,8975330,3.842882,2024-03-14,2024-03-15,16.2698,15.7169,2024-04-12,Stop,-1.058848,-0.035986,1,0
EP-003,CRGY,Loser,2024-10-02,0.110116,11506270,3.77854,2024-10-14,2024-10-15,12.83,12.3947,2024-10-18,Stop,-1.058944,-0.035931,1,0
EP-003,MIR,Loser,2025-05-23,0.058427,10836230,3.618738,2025-06-04,2025-06-05,19.71,19.0421,2025-08-01,Stop,-1.059019,-0.035887,1,0
EP-003,ATMU,Loser,2026-04-08,0.045545,14142160,9.054468,2026-04-20,2026-04-21,63.12,60.9883,2026-04-21,Stop,-1.05922,-0.035773,1,0
EP-003,TTD,Loser,2025-07-15,0.065889,43674070,5.104398,2025-07-24,2025-07-25,85.3,82.4276,2025-08-01,Stop,-1.059394,-0.035674,1,0
EP-003,CPNG,Loser,2024-04-12,0.1149,51059720,3.678098,2024-04-24,2024-04-25,22.5,21.7537,2024-05-08,Stop,-1.060295,-0.03517,1,0
EP-003,BKD,Loser,2025-11-10,0.050901,10499880,3.507688,2025-11-28,2025-12-01,11.08,10.7159,2025-12-03,Stop,-1.06086,-0.034862,1,0
EP-003,TXN,Loser,2026-04-23,0.194321,25659070,3.696436,2026-05-01,2026-05-04,283.69,274.4532,2026-06-09,Stop,-1.061426,-0.03456,1,0
EP-003,TOST,Loser,2024-11-08,0.14723,28795310,4.131903,2024-11-27,2024-11-29,43.19,41.7838,2024-12-04,Stop,-1.061429,-0.034558,1,0
EP-003,EBAY,Loser,2026-05-04,0.050543,20481130,3.177601,2026-05-14,2026-05-15,113.18,109.5029,2026-05-28,Stop,-1.061559,-0.034489,1,0
EP-003,LUV,Loser,2026-01-29,0.18698,34535320,3.512743,2026-02-05,2026-02-06,52.85,51.1359,2026-02-12,Stop,-1.061665,-0.034433,1,0
EP-003,CTRI,Loser,2025-09-04,0.041849,13812660,5.396077,2025-09-12,2025-09-15,23.22,22.4673,2025-09-18,Stop,-1.061697,-0.034416,1,0
EP-003,NKE,Loser,2025-06-27,0.151903,117530300,5.870638,2025-07-03,2025-07-07,76.04,73.5859,2025-07-09,Stop,-1.061971,-0.034273,1,0
EP-003,MLCO,Loser,2025-07-01,0.114799,21097740,5.945261,2025-07-09,2025-07-10,8.89,8.6046,2025-07-11,Stop,-1.062306,-0.0341,1,0
EP-003,PINS,Loser,2024-05-01,0.210164,45488260,4.64887,2024-05-09,2024-05-10,42.7,41.3294,2024-05-21,Stop,-1.062309,-0.034098,1,0
EP-003,NOV,Loser,2025-10-28,0.071685,13062430,3.230584,2025-11-07,2025-11-10,15.54,15.042,2025-11-17,Stop,-1.062404,-0.034049,1,0
EP-003,XYZ,Loser,2025-07-21,0.072233,49143460,5.243291,2025-07-24,2025-07-25,79.755,77.2067,2025-07-30,Stop,-1.062594,-0.033952,1,0
EP-003,WBD,Loser,2025-12-05,0.062755,198872300,4.386108,2025-12-11,2025-12-12,29.88,28.9271,2025-12-16,Stop,-1.062715,-0.03389,1,0
EP-003,SE,Loser,2024-08-13,0.1185,16258320,3.376454,2024-08-23,2024-08-26,82.52,79.9151,2024-08-29,Stop,-1.063359,-0.033566,1,0
EP-003,UA,Loser,2024-08-08,0.183413,9983049,3.871864,2024-08-27,2024-08-28,8.0,7.7497,2024-08-28,Stop,-1.063929,-0.033285,1,0
EP-003,GMED,Loser,2025-11-07,0.359423,12478430,6.763399,2025-11-28,2025-12-01,90.49,87.6905,2025-12-04,Stop,-1.064647,-0.032937,1,0
EP-003,DG,Loser,2025-06-03,0.158485,15320280,3.656691,2025-06-09,2025-06-10,113.4,109.8944,2025-06-10,Stop,-1.064697,-0.032913,1,0
EP-003,WHR,Loser,2024-06-26,0.170976,9743383,5.56719,2024-07-09,2024-07-10,101.34,98.2144,2024-07-24,Stop,-1.064846,-0.032842,1,0
EP-003,SNOW,Loser,2025-05-22,0.134323,26194100,5.337648,2025-06-03,2025-06-04,213.425,206.868,2025-06-04,Stop,-1.065099,-0.032723,1,0
EP-003,YUMC,Loser,2024-08-06,0.119799,9137480,3.102526,2024-08-22,2024-08-23,33.91,32.8937,2024-08-28,Stop,-1.06673,-0.031972,1,0
EP-003,ARM,Loser,2026-02-05,0.057007,24624970,3.098414,2026-02-18,2026-02-19,125.86,119.4599,2026-03-03,Stop,-1.068213,-0.05432,1,0
EP-003,AKAM,Loser,2025-11-07,0.147123,9629176,4.288913,2025-11-28,2025-12-01,89.39,86.7696,2025-12-02,Stop,-1.068225,-0.031315,1,0
EP-003,NFLX,Loser,2025-01-22,0.096944,142732100,3.641297,2025-01-29,2025-01-30,98.675,95.7835,2025-02-25,Stop,-1.068252,-0.031303,1,0
EP-003,WSM,Loser,2024-03-13,0.177639,10198690,3.687772,2024-03-27,2024-03-28,158.245,153.6573,2024-04-02,Stop,-1.068986,-0.030991,1,0
EP-003,CNH,Loser,2024-09-09,0.044687,31233580,3.849872,2024-09-23,2024-09-24,11.14,10.818,2024-10-03,Stop,-1.069183,-0.030909,1,0
EP-003,DG,Loser,2025-12-04,0.14014,14189830,3.880571,2025-12-22,2025-12-23,137.18,133.2211,2025-12-31,Stop,-1.069301,-0.030859,1,0
EP-003,WDAY,Loser,2024-08-23,0.124935,9701850,3.817431,2024-08-29,2024-08-30,262.41,255.0673,2024-09-05,Stop,-1.071475,-0.029982,1,0
EP-003,IVZ,Loser,2025-07-18,0.152778,35673240,5.486592,2025-07-28,2025-07-29,21.84,21.2299,2025-07-31,Stop,-1.0716,-0.029933,1,0
EP-003,BBY,Loser,2024-05-30,0.134214,13938440,4.542612,2024-06-06,2024-06-07,87.79,85.3576,2024-06-26,Stop,-1.072182,-0.029708,1,0
EP-003,ZM,Loser,2024-02-27,0.080006,18557960,4.09198,2024-03-12,2024-03-13,69.74,67.8251,2024-03-14,Stop,-1.072839,-0.029458,1,0
EP-003,GM,Loser,2025-10-21,0.148621,43706530,4.382342,2025-10-30,2025-10-31,68.78,66.8925,2025-11-04,Stop,-1.072879,-0.029443,1,0
EP-003,SPOT,Loser,2024-11-13,0.114404,12048770,5.042025,2024-11-26,2024-11-27,480.3,467.1732,2024-12-10,Stop,-1.073179,-0.02933,1,0
EP-003,MFG,Loser,2024-09-30,0.042394,12015460,4.008419,2024-10-14,2024-10-15,4.21,4.0984,2024-10-23,Stop,-1.075452,-0.028507,1,0
EP-003,FULT,Loser,2024-04-29,0.075544,11177120,6.775193,2024-05-10,2024-05-13,17.59,17.1241,2024-05-20,Stop,-1.075517,-0.028484,1,0
EP-003,META,Loser,2025-07-31,0.112527,38831100,3.102221,2025-08-06,2025-08-07,773.49,753.2876,2025-08-19,Stop,-1.076574,-0.028119,1,0
EP-003,DOCU,Loser,2024-10-08,0.065467,14188180,4.664181,2024-10-18,2024-10-21,72.2,70.32,2024-10-22,Stop,-1.076807,-0.028039,1,0
EP-003,SHO,Loser,2024-12-03,0.101207,16206170,4.51785,2024-12-06,2024-12-09,12.08,11.7692,2024-12-30,Stop,-1.077745,-0.027725,1,0
EP-003,APG,Loser,2024-03-01,0.065906,9659164,4.301181,2024-03-06,2024-03-07,25.7867,25.1277,2024-03-14,Stop,-1.078262,-0.027555,1,0
EP-003,ZS,Loser,2025-05-30,0.097925,9946333,3.577027,2025-06-13,2025-06-16,304.06,296.2958,2025-07-10,Stop,-1.078323,-0.027535,1,0
EP-003,WFC,Loser,2024-11-06,0.131107,63689140,3.093429,2024-11-14,2024-11-15,73.0,71.1611,2024-12-12,Stop,-1.079396,-0.02719,1,0
EP-003,NOK,Loser,2025-01-30,0.058559,55209040,3.056049,2025-02-07,2025-02-10,4.85,4.7331,2025-02-28,Stop,-1.082989,-0.0261,1,0
EP-003,EBAY,Loser,2025-07-31,0.182955,20280220,3.657448,2025-08-21,2025-08-22,99.56,97.1962,2025-08-26,Stop,-1.084237,-0.025743,1,0
EP-003,FDX,Loser,2024-06-26,0.155278,11126140,5.152686,2024-07-02,2024-07-03,236.2016,230.6264,2024-07-05,Stop,-1.084734,-0.025603,1,0
EP-003,CPNG,Loser,2025-09-08,0.089588,46911550,4.555138,2025-09-17,2025-09-18,33.675,32.8862,2025-09-19,Stop,-1.085382,-0.025424,1,0
EP-003,DIS,Loser,2024-02-08,0.114989,60558410,3.941812,2024-02-16,2024-02-20,110.85,108.2891,2024-02-21,Stop,-1.086572,-0.025102,1,0
EP-003,GLW,Loser,2024-07-08,0.119927,35464500,3.624124,2024-07-17,2024-07-18,45.69,44.6517,2024-07-18,Stop,-1.08801,-0.024725,1,0
EP-003,BOX,Loser,2024-08-28,0.108258,10012210,5.346562,2024-09-12,2024-09-13,32.99,32.2441,2024-10-01,Stop,-1.088459,-0.024609,1,0
EP-003,AMCR,Loser,2024-11-20,0.045501,9139728,3.799833,2024-12-03,2024-12-04,52.55,51.3752,2024-12-05,Stop,-1.089465,-0.024355,1,0
EP-003,AIG,Loser,2025-12-10,0.060979,13424440,3.085313,2025-12-22,2025-12-23,86.41,84.4894,2026-01-02,Stop,-1.089982,-0.024227,1,0
EP-003,NKE,Loser,2024-09-20,0.068412,52039260,4.441786,2024-09-27,2024-09-30,89.7,87.7213,2024-10-01,Stop,-1.090664,-0.02406,1,0
EP-003,DIS,Loser,2024-11-14,0.062305,47436050,4.711076,2024-11-26,2024-11-27,115.445,112.9124,2024-12-16,Stop,-1.091166,-0.023938,1,0
EP-003,ORCL,Loser,2024-06-12,0.133193,40871320,4.2431,2024-07-02,2024-07-03,143.75,140.5971,2024-07-09,Stop,-1.091185,-0.023933,1,0
EP-003,CMBT,Loser,2025-08-28,0.055626,10379180,3.425917,2025-09-08,2025-09-09,9.74,9.3558,2025-09-11,Stop,-1.091757,-0.043068,1,0
EP-003,ETR,Loser,2026-03-27,0.068248,9098011,3.156042,2026-04-07,2026-04-08,113.45,110.9776,2026-04-21,Stop,-1.091773,-0.023793,1,0
EP-003,GEN,Loser,2024-10-31,0.081754,10898310,3.677641,2024-11-13,2024-11-14,30.49,29.8529,2024-11-15,Stop,-1.095711,-0.022896,1,0
EP-003,GLW,Loser,2025-07-29,0.118571,17713550,3.647097,2025-08-18,2025-08-19,65.16,63.8037,2025-08-20,Stop,-1.096083,-0.022815,1,0
EP-003,INFY,Loser,2024-07-18,0.08378,42176090,3.294551,2024-07-29,2024-07-30,22.55,22.0853,2024-07-31,Stop,-1.09705,-0.022608,1,0
EP-003,SBUX,Loser,2025-01-29,0.081366,40769320,4.438194,2025-02-11,2025-02-12,110.56,108.2882,2025-03-06,Stop,-1.097333,-0.022548,1,0
EP-003,TGT,Loser,2024-03-05,0.120207,22986760,5.059053,2024-03-26,2024-03-27,174.1,170.5546,2024-04-05,Stop,-1.098211,-0.022364,1,0
EP-003,APG,Loser,2025-06-20,0.046578,16633154,5.243756,2025-06-30,2025-07-01,33.63,32.959,2025-07-01,Stop,-1.100233,-0.021953,1,0
EP-003,MMM,Loser,2024-04-30,0.047201,16731850,3.720067,2024-05-14,2024-05-15,100.19,98.2417,2024-05-28,Stop,-1.10285,-0.021446,1,0
EP-003,ES,Loser,2025-09-19,0.048842,13698210,4.160983,2025-10-06,2025-10-07,72.91,71.5115,2025-10-13,Stop,-1.104271,-0.021181,1,0
EP-003,MDT,Loser,2025-11-18,0.046946,21965410,3.049115,2025-11-28,2025-12-01,105.0,102.9893,2025-12-02,Stop,-1.104439,-0.02115,1,0
EP-003,TTD,Loser,2025-05-09,0.185977,48903740,4.313342,2025-05-20,2025-05-21,76.0,72.3317,2025-05-23,Stop,-1.107335,-0.053447,1,0
EP-003,AXTA,Loser,2024-05-01,0.088104,9332872,3.798467,2024-05-13,2024-05-14,36.31,35.6352,2024-05-15,Stop,-1.107612,-0.020585,1,0
EP-003,ZIM,Loser,2026-02-17,0.254505,39624530,8.735811,2026-02-20,2026-02-23,28.88,27.4595,2026-03-09,Stop,-1.11068,-0.054632,1,0
EP-003,OWL,Loser,2024-02-09,0.065894,17096650,3.410937,2024-02-22,2024-02-23,18.0,17.5664,2024-03-11,Stop,-1.120952,-0.027,1,0
EP-003,WMT,Loser,2024-05-16,0.069865,60545610,3.444823,2024-05-24,2024-05-28,65.22,64.1823,2024-05-31,Stop,-1.125705,-0.01791,1,0
EP-003,NET,Loser,2025-02-07,0.177643,15077970,3.816604,2025-02-12,2025-02-13,173.92,166.9718,2025-02-18,Stop,-1.125874,-0.04498,1,0
EP-003,EBAY,Loser,2024-02-28,0.078847,23207930,3.275375,2024-03-20,2024-03-21,51.84,50.6951,2024-04-16,Stop,-1.147422,-0.025341,1,0
EP-003,PEN,Loser,2026-01-15,0.11824,9675405,9.785075,2026-01-23,2026-01-26,360.0,349.6714,2026-02-04,Stop,-1.155044,-0.033139,1,0
EP-003,RUN,Loser,2025-08-07,0.323043,48256340,3.306125,2025-08-26,2025-08-27,16.485,15.2385,2025-09-02,Stop,-1.169634,-0.088442,1,0
EP-003,VZ,Loser,2026-01-30,0.118312,123584700,3.605573,2026-02-20,2026-02-23,49.35,48.0287,2026-04-08,Stop,-1.187226,-0.031787,1,0
EP-003,CALY,Loser,2024-03-20,0.088256,13813840,4.849522,2024-03-28,2024-04-01,16.21,15.6295,2024-04-16,Stop,-1.192879,-0.042716,1,0
EP-003,APLD,Loser,2025-01-14,0.099807,69563280,3.744131,2025-01-23,2025-01-24,9.36,8.4146,2025-01-27,Stop,-1.225699,-0.123795,1,0
EP-003,ERIC,Loser,2025-10-14,0.20563,62693440,3.889209,2025-10-31,2025-11-03,10.272,10.0056,2025-11-04,Stop,-1.248087,-0.032374,1,0
EP-003,TMQ,Loser,2025-11-21,0.072864,21570730,3.066332,2025-12-03,2025-12-04,4.49,4.0271,2026-02-17,Stop,-1.293837,-0.133403,1,0
EP-003,MPT,Loser,2025-02-28,0.057348,37748920,3.326056,2025-03-14,2025-03-17,5.88,5.6203,2025-04-04,Stop,-1.316173,-0.058122,1,0
EP-003,ONON,Loser,2025-05-13,0.118301,14646360,3.28189,2025-05-20,2025-05-21,59.1,56.7715,2025-05-23,Stop,-1.339154,-0.052761,1,0
EP-003,AES,Loser,2025-02-28,0.11657,71508420,3.997531,2025-03-18,2025-03-19,12.88,12.3516,2025-03-31,Stop,-1.354548,-0.055571,1,0
EP-003,RCL,Loser,2025-06-27,0.046031,12060560,4.314427,2025-07-09,2025-07-10,336.51,327.7924,2025-07-29,Stop,-1.357365,-0.035164,1,0
EP-003,ALGM,Loser,2026-01-29,0.099276,10056900,3.650403,2026-02-10,2026-02-11,42.31,40.3657,2026-02-18,Stop,-1.36018,-0.062506,1,0
EP-003,JD,Loser,2024-03-06,0.161847,54459260,3.74511,2024-03-19,2024-03-20,27.84,26.691,2024-03-22,Stop,-1.380004,-0.056957,1,0
EP-003,NEOG,Loser,2026-01-08,0.315718,22996920,5.126409,2026-01-30,2026-02-02,10.09,9.6229,2026-03-09,Stop,-1.392043,-0.064438,1,0
EP-003,RILY,Loser,2024-10-14,0.234624,16890890,6.214538,2024-10-22,2024-10-23,6.06,5.411,2024-11-04,Stop,-1.420829,-0.152165,1,0
EP-003,ST,Loser,2024-04-30,0.071309,14624340,7.600249,2024-05-09,2024-05-10,42.85,41.6086,2024-05-29,Stop,-1.422401,-0.041207,1,0
EP-003,M,Loser,2024-05-21,0.051309,17148900,3.898399,2024-05-24,2024-05-28,20.24,19.6365,2024-05-30,Stop,-1.425777,-0.042514,1,0
EP-003,GH,Loser,2025-10-30,0.278677,11095410,4.332302,2025-11-11,2025-11-12,98.36,93.2326,2025-11-14,Stop,-1.432825,-0.074692,1,0
EP-003,SE,Loser,2024-11-12,0.104556,14162100,4.01227,2024-11-26,2024-11-27,114.44,110.1828,2024-12-20,Stop,-1.479574,-0.055041,1,0
EP-003,DECK,Loser,2026-01-30,0.194595,9768810,3.028164,2026-02-10,2026-02-11,115.95,111.6298,2026-03-03,Stop,-1.484151,-0.055299,1,0
EP-003,DAL,Loser,2025-01-10,0.090036,27227200,3.228746,2025-01-29,2025-01-30,68.0,65.9935,2025-02-03,Stop,-1.493183,-0.044059,1,0
EP-003,NXT,Loser,2024-02-01,0.248067,20650020,3.253828,2024-02-09,2024-02-12,58.25,55.2833,2024-04-02,Stop,-1.572953,-0.080112,1,0
EP-003,BHC,Loser,2025-06-13,0.085299,11500120,5.678991,2025-06-24,2025-06-25,6.21,5.9398,2025-07-31,Stop,-1.674596,-0.072853,1,0
EP-003,ADBE,Loser,2024-06-14,0.145115,14846610,3.689639,2024-06-25,2024-06-26,528.58,513.6462,2024-08-05,Stop,-1.701317,-0.048067,1,0
EP-003,HIMS,Loser,2025-04-29,0.230337,152176200,5.263748,2025-05-19,2025-05-20,62.54,57.3851,2025-05-22,Stop,-1.804126,-0.148706,1,0
EP-003,FLS,Loser,2025-10-29,0.309343,10871690,4.749214,2025-11-12,2025-11-13,69.68,67.4393,2025-11-14,Stop,-2.043745,-0.06572,1,0
EP-003,BCRX,Loser,2024-06-21,0.043902,15477240,4.159344,2024-07-12,2024-07-15,7.21,6.8941,2024-08-02,Stop,-2.134595,-0.09354,1,0
EP-003,CEG,Loser,2025-01-10,0.251599,14707180,4.100379,2025-01-17,2025-01-21,326.0,310.1159,2025-01-27,Stop,-2.152593,-0.104883,1,0
EP-003,VIPS,Loser,2024-09-26,0.104046,14553420,3.540382,2024-10-04,2024-10-07,17.57,16.8931,2024-10-08,Stop,-2.371247,-0.091357,1,0
EP-003,META,Loser,2024-02-02,0.203176,84707650,4.084182,2024-02-26,2024-02-27,479.975,466.474,2024-04-25,Stop,-4.409659,-0.124038,1,0
