symbol,event_date,setup_date,age,close,relvol,ep_volume_ratio,body_atr,range_atr,distance_atr
HTFL,2026-08-14,2026-09-01,12,50.43,0.7632,0.1693,0.0622,0.7384,0.3153
CAPR,2026-08-14,2026-08-28,10,9.59,0.4432,0.0782,0.0958,0.4996,0.6981
COIN,2026-08-19,2026-08-26,5,181.78,0.6271,0.37,0.0125,0.5847,0.9692
EL,2026-08-19,2026-08-26,5,105.06,0.7624,0.1947,0.1802,0.4204,0.0601
MSTR,2026-08-19,2026-08-26,5,123.19,0.7412,0.3464,0.0099,0.6612,0.7744
TEM,2026-08-19,2026-08-26,5,68.48,0.7117,0.2318,0.2157,0.6293,0.9663
AVAH,2026-08-13,2026-08-25,8,13.59,0.8495,0.2866,0.0566,0.712,0.6311
CART,2026-08-07,2026-08-25,12,51.51,0.5959,0.1872,0.142,0.4522,0.2839
OABI,2026-08-17,2026-08-25,6,4.66,0.7102,0.08,0.0667,0.6671,0.4003
OMER,2026-08-13,2026-08-25,8,19.28,0.5331,0.0979,0.0646,0.5699,0.3978
WEAV,2026-08-18,2026-08-25,5,7.29,0.9221,0.0865,0.0555,0.0833,0.111
ALT,2026-08-19,2026-08-24,3,3.11,0.4796,0.2517,0.1235,0.6486,0.803
FIGR,2026-08-17,2026-08-24,5,38.64,0.5664,0.2763,0.0542,0.6384,0.4337
TEAM,2026-08-07,2026-08-24,11,171.33,0.4513,0.1287,0.2346,0.6002,0.7569
CCC,2026-08-18,2026-08-21,3,7.46,0.5542,0.2018,0.1374,0.5462,0.6044
U,2026-08-06,2026-08-21,11,46.93,0.5843,0.1827,0.0812,0.4923,0.7766
XHLD,2026-08-10,2026-08-21,9,7.66,0.2188,0.0356,0.058,0.7442,0.6186
BORR,2026-08-14,2026-08-20,4,4.43,0.5853,0.2961,0.1345,0.5155,0.8516
CAVA,2026-08-12,2026-08-20,6,72.03,0.5348,0.1769,0.2493,0.6316,0.9395
GTLB,2026-08-07,2026-08-20,9,42.08,0.6144,0.2588,0.1701,0.5396,0.841
LFST,2026-08-10,2026-08-20,8,12.65,0.5615,0.2189,0.0986,0.7097,0.621
ARX,2026-08-13,2026-08-19,4,19.55,0.6441,0.0666,0.0325,0.0596,0.1193
INFQ,2026-08-12,2026-08-18,4,12.91,0.7792,0.3999,0.2024,0.7136,0.623
NIQ,2026-08-11,2026-08-18,5,17.32,0.5044,0.1026,0.1792,0.384,0.384
NN,2026-08-11,2026-08-18,5,19.17,0.4464,0.1247,0.1231,0.5549,0.543
LBRT,2026-07-28,2026-08-17,14,22.24,0.3228,0.1375,0.0721,0.3846,0.0561
ZETA,2026-08-04,2026-08-17,9,28.83,0.7127,0.3506,0.0162,0.5498,0.6856
ABNB,2026-08-07,2026-08-14,5,184.06,0.7468,0.2366,0.1556,0.548,0.5066
ARM,2026-07-30,2026-08-14,11,279.44,0.3777,0.1641,0.0539,0.3212,0.8834
BTG,2026-08-07,2026-08-14,5,5.14,0.5202,0.1791,0.0956,0.6456,0.526
CHYM,2026-08-06,2026-08-14,6,32.02,0.5705,0.1482,0.1369,0.4498,0.9061
FSLY,2026-08-05,2026-08-14,7,29.93,0.5423,0.25,0.0555,0.6204,0.3833
IAG,2026-08-07,2026-08-14,5,18.3,0.6003,0.2917,0.1799,0.583,0.6838
SHAK,2026-08-05,2026-08-14,7,74.84,0.5471,0.1262,0.1182,0.5599,0.2086
WEN,2026-08-07,2026-08-14,5,8.64,0.7154,0.3918,0.0435,0.4565,0.3478
DCH,2026-08-07,2026-08-13,4,6.75,0.6642,0.2473,0.0286,0.5716,0.886
DKNG,2026-08-07,2026-08-13,4,25.42,0.5842,0.2196,0.0169,0.6969,0.3717
DV,2026-08-07,2026-08-13,4,13.3,0.6852,0.0865,0.1142,0.1598,0.1256
DXCM,2026-07-31,2026-08-13,9,91.48,0.8452,0.3911,0.2236,0.4979,0.0474
SATL,2026-08-05,2026-08-13,6,5.89,0.7602,0.358,0.0213,0.629,0.2878
VREX,2026-08-10,2026-08-13,3,18.5,0.8645,0.0801,0.0274,0.0754,0.1783
BLFS,2026-07-22,2026-08-12,15,34.97,0.2219,0.0358,0.1293,0.5344,0.3275
COMP,2026-08-05,2026-08-12,5,12.73,0.6307,0.256,0.191,0.6286,0.7798
INSM,2026-08-06,2026-08-12,4,132.28,0.4802,0.1299,0.0049,0.7271,0.8836
KTOS,2026-08-05,2026-08-12,5,63.82,0.84,0.3688,0.0081,0.5739,0.1083
AAOI,2026-08-04,2026-08-11,5,134.33,0.7983,0.4383,0.0224,0.605,0.9339
EQX,2026-08-05,2026-08-11,4,11.66,0.769,0.4528,0.2039,0.6033,0.3569
PLTR,2026-08-04,2026-08-11,5,174.94,0.9212,0.2466,0.0876,0.6014,0.5369
REPL,2026-07-31,2026-08-11,7,13.65,0.6194,0.1418,0.0644,0.5766,0.3006
SLB,2026-07-24,2026-08-11,12,53.68,0.6338,0.2816,0.1169,0.5552,0.1812
AGI,2026-08-05,2026-08-10,3,33.19,0.83,0.4374,0.0277,0.5615,0.3952
APPS,2026-08-05,2026-08-10,3,14.39,0.7791,0.1503,0.1008,0.7311,0.7941
RITM,2026-07-28,2026-08-10,9,10.11,0.8967,0.4781,0.1168,0.6616,0.6616
AMBA,2026-07-31,2026-08-07,5,86.78,0.6374,0.143,0.0878,0.6117,0.7152
CLF,2026-07-23,2026-08-07,11,12.26,0.4688,0.1877,0.1638,0.5806,0.8858
MSFT,2026-07-30,2026-08-07,6,499.99,0.7289,0.2619,0.0493,0.4078,0.3282
PAVS,2026-07-23,2026-08-07,11,6.15,0.2075,0.0308,0.0447,0.0818,0.2993
CBZ,2026-07-29,2026-08-06,6,54.49,0.739,0.0857,0.0915,0.2002,0.6091
OWL,2026-07-30,2026-08-06,5,11.46,0.7307,0.3388,0.0233,0.6296,0.7578
TEVA,2026-07-29,2026-08-06,6,34.81,0.7329,0.2327,0.2344,0.4688,0.9202
MMM,2026-07-21,2026-08-05,11,182.08,0.7,0.248,0.219,0.5066,0.6227
QBTS,2026-07-27,2026-08-05,7,21.39,0.8947,0.352,0.1352,0.5108,0.3666
MKTX,2026-07-30,2026-08-04,3,162.35,0.8946,0.1162,0.0,0.0541,0.313
GEHC,2026-07-29,2026-08-03,3,69.73,0.7189,0.2861,0.0471,0.5617,0.9073
RNG,2026-07-24,2026-08-03,6,57.3,0.7565,0.2083,0.2102,0.7324,0.5192
RTX,2026-07-23,2026-08-03,7,216.65,0.7389,0.3815,0.0148,0.6853,0.8663
INLF,2026-07-28,2026-07-31,3,4.25,0.0502,0.0077,0.0336,0.0601,0.2203
VOD,2026-07-10,2026-07-28,12,16.39,0.849,0.2442,0.2484,0.4065,0.0113
PYPL,2026-07-15,2026-07-24,7,56.15,0.583,0.1293,0.0883,0.7043,0.8497
UTZ,2026-07-21,2026-07-24,3,14.1,0.6325,0.0643,0.0,0.0472,0.063
ABT,2026-07-16,2026-07-22,4,100.57,0.7494,0.3132,0.0408,0.4076,0.642
ACHC,2026-06-26,2026-07-20,15,34.43,0.4329,0.103,0.1861,0.6674,0.3016
KVYO,2026-06-26,2026-07-17,14,17.67,0.7927,0.3169,0.109,0.622,0.578
SKYQ,2026-07-08,2026-07-17,7,3.8,0.1518,0.065,0.2031,0.6384,0.8561
OUT,2026-06-26,2026-07-16,13,33.41,0.5179,0.1146,0.0229,0.6079,0.8603
DLO,2026-07-01,2026-07-15,9,14.9,0.3779,0.1062,0.1115,0.6053,0.9717
FRSH,2026-06-26,2026-07-15,12,10.61,0.5618,0.3498,0.0206,0.6788,0.8125
BABA,2026-07-08,2026-07-14,4,112.32,0.5638,0.2128,0.1672,0.5626,0.8652
DV,2026-06-26,2026-07-13,10,11.91,0.4428,0.0736,0.1711,0.5559,0.4063
SBET,2026-06-26,2026-07-13,10,5.42,0.5318,0.1678,0.0274,0.6724,0.8234
DJT,2026-06-26,2026-07-10,9,8.54,0.4074,0.0868,0.1748,0.6089,0.8063
TDOC,2026-06-26,2026-07-10,9,9.28,0.5081,0.2523,0.0957,0.6103,0.9574
HNGE,2026-06-26,2026-07-09,8,89.92,0.527,0.1444,0.1824,0.5738,0.3041
GIS,2026-07-01,2026-07-07,3,37.1,0.7571,0.3199,0.1069,0.6782,0.9454
PAY,2026-06-26,2026-07-07,6,28.51,0.88,0.1137,0.0596,0.698,0.349
ABVX,2026-06-30,2026-07-06,3,143.99,0.5459,0.1726,0.2057,0.4714,0.3799
RKT,2026-06-24,2026-07-06,7,15.55,0.6689,0.3899,0.1247,0.5555,0.9466
TECH,2026-06-25,2026-07-06,6,70.92,0.8606,0.1311,0.0373,0.1609,0.1445
ABSI,2026-06-24,2026-07-02,6,11.62,0.6427,0.1381,0.2205,0.6396,0.4361
CHYM,2026-06-26,2026-07-02,4,20.87,0.6111,0.1673,0.1694,0.7016,0.543
TBLA,2026-06-26,2026-07-02,4,5.14,0.834,0.1587,0.0451,0.5614,0.5339
ABBV,2026-06-26,2026-07-01,3,251.06,0.7883,0.1328,0.0487,0.6661,0.7745
STUB,2026-06-26,2026-07-01,3,12.86,0.5244,0.1001,0.0154,0.726,0.448
BMBL,2026-06-16,2026-06-30,9,3.2,0.5076,0.239,0.1405,0.5832,0.445
RGNX,2026-06-22,2026-06-30,6,11.98,0.69,0.1779,0.1537,0.745,0.3311
WRBY,2026-06-18,2026-06-30,7,30.34,0.6705,0.1398,0.059,0.7455,0.295
APGE,2026-06-22,2026-06-29,5,132.61,0.6482,0.0567,0.0172,0.042,0.1049
CART,2026-06-18,2026-06-25,4,46.8,0.5902,0.2522,0.1635,0.6904,0.3738
CBRL,2026-06-10,2026-06-23,8,46.46,0.515,0.0783,0.1096,0.6991,0.9258
LYG,2026-06-11,2026-06-22,6,5.74,0.8931,0.3825,0.0,0.4298,0.2865
NTLA,2026-06-15,2026-06-22,4,15.75,0.7669,0.311,0.0914,0.5961,0.779
PAYO,2026-06-09,2026-06-17,6,7.02,0.7221,0.1682,0.0,0.1448,0.1086
GLXY,2026-06-08,2026-06-16,6,33.18,0.6258,0.2273,0.0075,0.5903,0.9041
COO,2026-06-05,2026-06-15,6,67.76,0.7422,0.2906,0.2464,0.5839,0.6643
DKNG,2026-06-10,2026-06-15,3,28.79,0.778,0.3673,0.1931,0.7019,0.9953
LEGN,2026-06-02,2026-06-15,9,35.48,0.5212,0.0991,0.0255,0.5817,0.8576
ERAS,2026-06-01,2026-06-12,9,14.05,0.408,0.1975,0.0878,0.6058,0.8605
VSXY,2026-06-02,2026-06-12,8,78.88,0.3729,0.1193,0.0148,0.425,0.5075
BBY,2026-05-28,2026-06-10,9,75.64,0.915,0.3333,0.2326,0.7269,0.9286
HRL,2026-05-28,2026-06-02,3,23.35,0.6505,0.4069,0.1489,0.6105,0.8028
JHX,2026-05-20,2026-06-02,8,23.09,0.8003,0.3527,0.1902,0.4545,0.3171
KTOS,2026-05-28,2026-06-02,3,63.27,0.6875,0.3127,0.0755,0.4958,0.896
VSTS,2026-05-12,2026-06-01,13,12.89,0.6528,0.1443,0.0163,0.7174,0.0978
WNW,2026-05-19,2026-06-01,8,3.64,0.0834,0.0057,0.0936,0.1646,0.9358
EVC,2026-05-06,2026-05-28,15,9.38,0.3996,0.0539,0.0646,0.7044,0.9565
LUMN,2026-05-06,2026-05-28,15,10.7,0.8397,0.439,0.1199,0.5395,0.8844
RLAY,2026-05-21,2026-05-27,3,14.43,0.6867,0.2927,0.2114,0.7304,0.9803
COLD,2026-05-07,2026-05-26,12,14.86,0.9009,0.2809,0.019,0.5996,0.6434
GEN,2026-05-08,2026-05-26,11,24.76,0.7441,0.3723,0.0498,0.5294,0.6104
MGNX,2026-05-12,2026-05-26,9,4.47,0.7088,0.1095,0.0973,0.697,0.5515
RAMP,2026-05-18,2026-05-22,4,37.7,0.9313,0.1242,0.083,0.1245,0.1743
RLYB,2026-05-04,2026-05-22,14,15.88,0.1006,0.0061,0.0388,0.7038,0.1554
UMC,2026-05-06,2026-05-22,12,18.22,0.621,0.3337,0.1973,0.451,0.3241
CLOV,2026-05-13,2026-05-21,6,3.6,0.7582,0.4041,0.2169,0.6443,0.5424
CYTK,2026-05-05,2026-05-21,12,78.06,0.4761,0.0982,0.1005,0.4538,0.6517
FROG,2026-05-08,2026-05-21,9,71.44,0.4643,0.1475,0.2037,0.6058,0.6098
FTNT,2026-05-07,2026-05-21,10,129.46,0.6774,0.2356,0.1234,0.5185,0.202
KLAR,2026-05-14,2026-05-21,5,15.93,0.7333,0.174,0.0815,0.4431,0.731
MNST,2026-05-08,2026-05-20,8,43.44,0.8096,0.2836,0.2396,0.7347,0.8545
REPL,2026-05-13,2026-05-18,3,5.01,0.612,0.288,0.1853,0.3783,0.8184
SONY,2026-05-11,2026-05-18,5,22.71,0.8579,0.4309,0.0155,0.4881,0.4184
OSS,2026-05-06,2026-05-15,7,16.47,0.7089,0.0995,0.2277,0.6417,0.5934
DDOG,2026-05-07,2026-05-14,5,202.84,0.7462,0.1902,0.1579,0.7307,0.2548
DOC,2026-05-06,2026-05-14,6,19.56,0.6558,0.2175,0.2258,0.7035,0.6079
BTG,2026-05-07,2026-05-13,4,5.36,0.5917,0.289,0.2176,0.6115,0.8161
EGO,2026-04-30,2026-05-13,9,35.54,0.73,0.3139,0.1704,0.5583,0.1998
PRMB,2026-05-07,2026-05-13,4,23.43,0.6192,0.2871,0.072,0.6174,0.7614
BLMN,2026-05-06,2026-05-12,4,8.32,0.9239,0.2424,0.0765,0.6404,0.7742
AESI,2026-05-05,2026-05-11,4,18.84,0.5447,0.2343,0.1351,0.7066,0.8001
CNC,2026-04-28,2026-05-11,9,56.36,0.8514,0.346,0.0459,0.7192,0.3417
EBAY,2026-05-04,2026-05-11,5,108.13,0.9259,0.3109,0.062,0.5121,0.876
GBTG,2026-05-04,2026-05-08,4,9.45,0.3696,0.0294,0.0275,0.1373,0.2471
BEN,2026-04-28,2026-05-06,6,31.16,0.8823,0.4534,0.1779,0.6617,0.3114
EW,2026-04-24,2026-05-04,6,83.33,0.5737,0.2795,0.1417,0.6422,0.741
ABSI,2026-04-27,2026-05-01,4,4.92,0.5947,0.2493,0.0738,0.7383,0.827
TXN,2026-04-23,2026-05-01,6,281.02,0.5648,0.1752,0.0996,0.577,0.7373
ALMU,2026-04-13,2026-04-29,12,19.17,0.4162,0.0643,0.169,0.5649,0.9251
PENN,2026-04-23,2026-04-29,4,17.82,0.8755,0.3479,0.2164,0.7032,0.5108
BA,2026-04-22,2026-04-28,4,230.72,0.5741,0.2413,0.0486,0.6279,0.8446
RUM,2026-04-16,2026-04-28,8,7.01,0.7015,0.179,0.0696,0.4637,0.6839
TE,2026-04-15,2026-04-27,8,5.31,0.4907,0.223,0.0741,0.667,0.9078
PBI,2026-04-21,2026-04-24,3,15.58,0.8463,0.281,0.1655,0.7346,0.0931
TSHA,2026-04-15,2026-04-24,7,6.4,0.6519,0.196,0.0532,0.598,0.9568
APLD,2026-04-08,2026-04-22,10,32.43,0.7306,0.4292,0.0288,0.7363,0.7116
BE,2026-04-14,2026-04-22,6,229.75,0.664,0.2811,0.0537,0.5492,0.3456
ATMU,2026-04-08,2026-04-20,8,63.03,0.4421,0.0541,0.0235,0.3649,0.6145
EOSE,2026-04-09,2026-04-20,7,7.16,0.8109,0.3167,0.2164,0.7358,0.8945
ORCL,2026-04-13,2026-04-20,5,177.58,0.7785,0.4466,0.0949,0.5237,0.8527
SNAP,2026-03-31,2026-04-20,13,6.0,0.7083,0.398,0.0625,0.7496,0.6559
GSAT,2026-04-14,2026-04-17,3,80.02,0.9296,0.1594,0.0424,0.2449,0.2473
LUNR,2026-04-02,2026-04-17,10,27.58,0.8017,0.3589,0.0848,0.6294,0.2691
NAVN,2026-03-26,2026-04-17,15,15.06,0.5346,0.1112,0.081,0.5489,0.2699
HUT,2026-04-08,2026-04-16,6,70.92,0.6821,0.3106,0.0883,0.7245,0.7482
OSCR,2026-04-08,2026-04-16,6,15.63,0.5451,0.2509,0.118,0.6555,0.4326
PSKY,2026-04-07,2026-04-16,7,11.73,0.4367,0.1577,0.0558,0.6329,0.3909
UNH,2026-04-07,2026-04-16,7,316.4,0.5541,0.2356,0.1664,0.6537,0.3827
UMC,2026-04-07,2026-04-15,6,9.95,0.8276,0.4149,0.1253,0.5012,0.0313
ARM,2026-03-25,2026-04-14,13,161.22,0.7191,0.2128,0.0216,0.6696,0.6208
LEVI,2026-04-08,2026-04-14,4,22.39,0.8803,0.2502,0.0788,0.6081,0.7995
LGN,2026-04-08,2026-04-14,4,66.06,0.7385,0.1609,0.1839,0.4526,0.2942
PTON,2026-03-27,2026-04-14,11,4.77,0.7455,0.2853,0.0643,0.5465,0.868
TH,2026-04-01,2026-04-14,8,14.53,0.6607,0.0814,0.1273,0.5942,0.8064
CVS,2026-04-07,2026-04-10,3,79.33,0.8978,0.4176,0.1787,0.5208,0.1174
KOD,2026-03-26,2026-04-10,10,43.11,0.3776,0.056,0.1312,0.6166,0.6953
CVE,2026-03-19,2026-04-07,12,27.19,0.4692,0.2159,0.2266,0.5732,0.5085
PAYS,2026-03-25,2026-04-07,8,5.87,0.7644,0.1094,0.0595,0.6208,0.6838
SGML,2026-03-30,2026-04-07,5,14.63,0.6542,0.1356,0.1589,0.6685,0.3905
U,2026-03-27,2026-04-07,6,22.01,0.4646,0.1455,0.0276,0.5733,0.9601
CHWY,2026-03-25,2026-04-06,7,26.54,0.8579,0.3076,0.0659,0.5849,0.8156
ETR,2026-03-27,2026-04-06,5,114.57,0.9287,0.304,0.0276,0.5953,0.41
JBS,2026-03-26,2026-04-06,6,17.88,0.5383,0.2472,0.1307,0.5976,0.6069
BRZE,2026-03-25,2026-03-31,4,23.61,0.7993,0.231,0.0657,0.5717,0.241
SVCO,2026-03-13,2026-03-25,8,7.14,0.3032,0.0248,0.1359,0.5822,0.485
PATH,2026-03-11,2026-03-23,8,12.13,0.3838,0.1464,0.1097,0.6579,0.8635
S,2026-03-13,2026-03-18,3,14.38,0.7503,0.3601,0.0889,0.6667,0.7111
TNGX,2026-03-05,2026-03-18,9,18.68,0.6356,0.1411,0.0794,0.5512,0.2709
NIO,2026-03-10,2026-03-17,5,5.96,0.7371,0.238,0.0348,0.4869,0.8695
ACRS,2026-03-09,2026-03-13,4,3.54,0.3529,0.0656,0.1498,0.6024,0.7488
OKTA,2026-03-05,2026-03-13,6,79.16,0.5448,0.2462,0.0013,0.726,0.8573
ACHC,2026-02-25,2026-03-10,9,25.14,0.675,0.2572,0.1202,0.6984,0.4581
XYZ,2026-02-27,2026-03-10,7,65.6,0.4845,0.1453,0.1264,0.6231,0.6764
RNG,2026-02-20,2026-03-09,11,41.84,0.5746,0.1723,0.1744,0.6594,0.2467
NFLX,2026-02-27,2026-03-05,4,99.17,0.9372,0.266,0.2034,0.6344,0.3096
TRI,2026-02-24,2026-03-04,6,106.4638,0.5737,0.2845,0.0366,0.6352,0.2462
COIN,2026-02-13,2026-02-27,9,175.85,0.7306,0.3526,0.04,0.58,0.8437
SUZ,2026-02-11,2026-02-27,11,11.33,0.7817,0.325,0.1464,0.7135,0.7501
WAY,2026-02-17,2026-02-27,8,25.65,0.6195,0.1783,0.1631,0.4596,0.4707
BORR,2026-02-04,2026-02-26,15,5.92,0.645,0.3558,0.0,0.7433,0.8308
EXC,2026-02-12,2026-02-26,9,48.8,0.925,0.3525,0.127,0.3759,0.3149
SO,2026-02-19,2026-02-26,5,96.35,0.7683,0.3556,0.0316,0.5346,0.1843
OMC,2026-02-19,2026-02-25,4,82.71,0.7304,0.3207,0.0823,0.5727,0.9037
CIEN,2026-02-06,2026-02-24,11,342.7,0.5237,0.0678,0.086,0.6763,0.2823
STM,2026-02-09,2026-02-23,9,33.99,0.4479,0.2624,0.1045,0.6315,0.9407
ROIV,2026-02-06,2026-02-20,9,27.15,0.6637,0.1946,0.1779,0.7364,0.7808
ZIM,2026-02-17,2026-02-20,3,29.27,0.655,0.0875,0.1549,0.5454,0.4928
VAL,2026-02-09,2026-02-19,7,92.49,0.8128,0.1347,0.2136,0.6624,0.7663
VRT,2026-02-11,2026-02-19,5,243.06,0.5934,0.1985,0.1494,0.6023,0.9183
EVMN,2026-02-10,2026-02-18,5,31.1,0.3793,0.0286,0.1192,0.569,0.6256
GLW,2026-01-27,2026-02-18,15,132.01,0.7342,0.3245,0.0775,0.743,0.7777
LITE,2026-02-04,2026-02-18,9,594.26,0.5377,0.2466,0.1734,0.5161,0.4931
VZ,2026-01-30,2026-02-13,10,49.01,0.7884,0.2589,0.1032,0.5536,0.8465
AES,2026-02-03,2026-02-11,6,16.44,0.7608,0.3254,0.039,0.6248,0.2929
NIO,2026-02-05,2026-02-11,4,5.07,0.6105,0.2438,0.1187,0.6329,0.5934
DECK,2026-01-30,2026-02-10,7,115.51,0.6149,0.2118,0.0046,0.5097,0.9583
EPD,2026-02-03,2026-02-10,5,35.19,0.6762,0.2421,0.0624,0.684,0.5614
ALGM,2026-01-29,2026-02-09,7,41.99,0.817,0.2623,0.1502,0.6426,0.0601
CFG,2026-01-21,2026-02-09,13,67.7,0.852,0.4253,0.0692,0.7332,0.664
SMCI,2026-01-16,2026-02-09,15,33.53,0.8114,0.4081,0.1477,0.5793,0.6508
SYY,2026-01-27,2026-02-09,9,86.47,0.8491,0.3534,0.041,0.6947,0.4813
LUV,2026-01-29,2026-02-05,5,52.51,0.7125,0.226,0.0117,0.6359,0.2684
NEOG,2026-01-08,2026-01-30,15,10.22,0.6407,0.1282,0.0642,0.5031,0.4603
ERAS,2026-01-07,2026-01-29,15,10.31,0.48,0.111,0.2113,0.5841,0.4946
AVR,2026-01-21,2026-01-27,4,6.31,0.4199,0.0416,0.1181,0.7381,0.8661
PRMB,2026-01-07,2026-01-27,13,19.04,0.5234,0.2726,0.0791,0.585,0.9092
OGN,2026-01-20,2026-01-23,3,9.76,0.7127,0.1803,0.0257,0.6176,0.4632
PEN,2026-01-15,2026-01-23,5,359.26,0.7361,0.1074,0.0794,0.2207,0.305
ALMS,2026-01-06,2026-01-16,8,23.86,0.2659,0.0243,0.0221,0.651,0.7336
ALT,2026-01-05,2026-01-16,9,4.24,0.4324,0.0962,0.1994,0.6646,0.9637
CVX,2026-01-05,2026-01-15,8,166.16,0.7261,0.2307,0.1134,0.6484,0.9334
GLUE,2026-01-07,2026-01-15,6,24.08,0.434,0.0536,0.0414,0.6268,0.9993
HAL,2026-01-05,2026-01-15,8,32.78,0.7364,0.206,0.0856,0.6136,0.8942
VST,2026-01-09,2026-01-14,3,168.97,0.7271,0.2716,0.0485,0.5923,0.897
WDC,2026-01-06,2026-01-14,6,215.0,0.6239,0.3267,0.077,0.645,0.4795
CRWV,2025-12-19,2026-01-13,15,87.48,0.7281,0.2892,0.2416,0.7141,0.6864
MCHP,2026-01-06,2026-01-13,5,74.07,0.6754,0.2942,0.2297,0.7076,0.8162
TXN,2026-01-06,2026-01-13,5,188.53,0.6084,0.3128,0.1618,0.4529,0.9468
NXE,2025-12-19,2026-01-08,12,10.79,0.9416,0.3936,0.2386,0.5749,0.64
NAVN,2025-12-19,2026-01-06,10,17.0,0.7366,0.1679,0.058,0.6957,0.53
LAR,2025-12-19,2025-12-31,7,5.58,0.7231,0.2205,0.0254,0.6932,0.6995
PL,2025-12-11,2025-12-30,12,19.74,0.5307,0.1274,0.2256,0.6185,0.9725
IAG,2025-12-19,2025-12-26,4,17.61,0.4658,0.1899,0.0428,0.6556,0.4276
LRCX,2025-12-19,2025-12-26,4,178.07,0.4974,0.1362,0.057,0.3166,0.2738
AAOI,2025-12-10,2025-12-24,10,41.0,0.4402,0.2406,0.0835,0.4641,0.2968
AFRM,2025-12-16,2025-12-24,6,75.99,0.2998,0.1428,0.1776,0.6333,0.7868
ANNX,2025-12-19,2025-12-24,3,5.18,0.3127,0.0914,0.0965,0.5684,0.965
HUT,2025-12-17,2025-12-24,5,52.8,0.3147,0.1068,0.2144,0.4665,0.2164
RCAT,2025-12-19,2025-12-24,3,9.09,0.7383,0.3138,0.1523,0.5963,0.7105
ALLY,2025-12-10,2025-12-23,9,46.43,0.8263,0.2849,0.0093,0.4957,0.3289
ECHO,2025-12-05,2025-12-23,12,106.76,0.3745,0.0888,0.236,0.6083,0.8885
MU,2025-12-18,2025-12-23,3,276.27,0.7747,0.3195,0.0231,0.629,0.3686
PAAS,2025-12-09,2025-12-23,10,53.84,0.7979,0.3213,0.1872,0.7439,0.2667
AIG,2025-12-10,2025-12-22,8,86.43,0.5356,0.2263,0.1562,0.6821,0.2135
DG,2025-12-04,2025-12-18,10,136.68,0.9027,0.3055,0.175,0.5359,0.2913
CFG,2025-12-10,2025-12-17,5,58.61,0.8939,0.4555,0.186,0.6996,0.5621
VSXY,2025-12-05,2025-12-11,4,52.75,0.6558,0.1703,0.1604,0.657,0.275
WBD,2025-12-05,2025-12-11,4,29.49,0.722,0.2186,0.0525,0.3883,0.3358
MCHP,2025-12-03,2025-12-09,4,66.85,0.7591,0.3269,0.0083,0.3997,0.2651
MDB,2025-12-02,2025-12-09,5,414.06,0.5508,0.1301,0.1285,0.4046,0.5913
STM,2025-12-03,2025-12-09,4,25.94,0.7871,0.3102,0.1474,0.3684,0.7148
CRNC,2025-11-20,2025-12-08,11,12.78,0.5388,0.0951,0.1832,0.6717,0.4763
PONY,2025-11-25,2025-12-08,8,14.22,0.3603,0.1314,0.0344,0.5852,0.5704
SERV,2025-12-03,2025-12-08,3,13.42,0.9243,0.381,0.1615,0.6762,0.3886
DELL,2025-11-26,2025-12-05,6,138.91,0.6071,0.3045,0.0065,0.5018,0.065
MAGN,2025-11-20,2025-12-05,10,14.13,0.5577,0.098,0.2219,0.522,0.9332
ONDS,2025-11-13,2025-12-05,15,9.07,0.679,0.3736,0.1335,0.6868,0.2575
TMC,2025-11-26,2025-12-05,6,7.59,0.6288,0.3774,0.2399,0.5118,0.7836
EPSM,2025-11-20,2025-12-04,9,3.81,0.0774,0.0118,0.1113,0.1936,0.6436
ANF,2025-11-25,2025-12-03,5,99.61,0.7404,0.1395,0.099,0.6404,0.9441
TMQ,2025-11-21,2025-12-03,7,4.53,0.5621,0.1484,0.0648,0.5076,0.1944
URBN,2025-11-26,2025-12-03,4,79.19,0.77,0.2278,0.2479,0.7154,0.2166
CZR,2025-11-17,2025-12-02,10,23.18,0.4266,0.1809,0.0295,0.6105,0.5416
JHX,2025-11-18,2025-12-02,9,19.44,0.6272,0.2929,0.1755,0.4533,0.6727
SGML,2025-11-17,2025-12-01,9,11.53,0.5,0.1131,0.1746,0.6589,0.1615
AKAM,2025-11-07,2025-11-28,14,89.52,0.2949,0.1403,0.0191,0.2252,0.9464
AVGO,2025-11-24,2025-11-28,3,402.96,0.5821,0.2828,0.2196,0.3553,0.0024
BKD,2025-11-10,2025-11-28,13,11.13,0.2743,0.1159,0.1648,0.6591,0.6866
JBS,2025-11-24,2025-11-28,3,14.69,0.3102,0.1274,0.1082,0.5273,0.3786
MDT,2025-11-18,2025-11-28,7,105.33,0.3147,0.1192,0.1442,0.3531,0.4973
NUVB,2025-11-19,2025-11-28,6,8.03,0.2803,0.054,0.1689,0.4315,0.394
OGN,2025-11-10,2025-11-28,13,7.71,0.2803,0.1162,0.1487,0.4585,0.4214
OLMA,2025-11-18,2025-11-28,7,28.32,0.1469,0.0126,0.0826,0.5614,0.4912
AS,2025-11-18,2025-11-26,6,36.66,0.8025,0.3134,0.2253,0.676,0.5633
PACS,2025-11-17,2025-11-26,7,32.16,0.4841,0.108,0.1247,0.6859,0.211
CART,2025-11-07,2025-11-19,8,41.43,0.7179,0.3288,0.1158,0.5069,0.3249
COMP,2025-11-04,2025-11-18,10,9.35,0.9484,0.4904,0.1314,0.6305,0.7881
HLLY,2025-11-07,2025-11-18,7,3.87,0.2866,0.0244,0.2358,0.6131,0.9433
COGT,2025-11-10,2025-11-17,5,33.75,0.7313,0.1497,0.0446,0.5118,0.9433
MNST,2025-11-07,2025-11-14,5,35.655,0.8873,0.373,0.0238,0.689,0.778
EW,2025-10-27,2025-11-12,12,85.58,0.5756,0.233,0.1623,0.444,0.721
GMED,2025-11-07,2025-11-12,3,84.71,0.835,0.1406,0.0912,0.5392,0.7702
AEP,2025-10-29,2025-11-11,9,122.73,0.9389,0.3626,0.0673,0.4687,0.2788
BHF,2025-11-06,2025-11-11,3,65.83,0.9473,0.1485,0.0403,0.1075,0.1679
GH,2025-10-30,2025-11-11,8,97.71,0.5573,0.1713,0.1814,0.4993,0.7528
KVYO,2025-11-06,2025-11-11,3,29.49,0.8499,0.2495,0.0803,0.6572,0.8472
LFST,2025-11-06,2025-11-11,3,6.47,0.9228,0.1859,0.0335,0.5526,0.0837
KVUE,2025-11-03,2025-11-10,5,16.77,0.9031,0.2147,0.0431,0.6035,0.5891
VLY,2025-10-23,2025-11-10,12,11.02,0.4362,0.1763,0.2307,0.4902,0.9516
BMY,2025-10-30,2025-11-07,6,46.69,0.5428,0.2148,0.0288,0.6427,0.2974
IHRT,2025-11-04,2025-11-07,3,4.63,0.4578,0.043,0.1846,0.6813,0.4306
NOV,2025-10-28,2025-11-07,8,15.4,0.7029,0.245,0.1405,0.6927,0.4518
GSK,2025-10-29,2025-11-06,6,47.1,0.7471,0.3025,0.2472,0.5561,0.0998
LVS,2025-10-23,2025-11-06,10,62.79,0.8369,0.3937,0.0319,0.6733,0.3034
VIAV,2025-10-30,2025-11-06,5,17.54,0.8319,0.2033,0.0919,0.735,0.689
FLS,2025-10-29,2025-11-05,5,69.9,0.9411,0.2291,0.0923,0.5576,0.8766
GILD,2025-10-17,2025-11-05,13,122.58,0.9308,0.405,0.1185,0.6299,0.633
RIG,2025-10-23,2025-11-05,9,3.9,0.6801,0.3165,0.21,0.6299,0.8923
YPF,2025-10-27,2025-11-04,6,36.23,0.6666,0.1646,0.1669,0.7255,0.7343
TER,2025-10-29,2025-11-03,3,183.07,0.8877,0.2712,0.0382,0.5974,0.3871
ERIC,2025-10-14,2025-10-31,13,10.09,0.6444,0.2362,0.1126,0.6756,0.9571
LBRT,2025-10-17,2025-10-30,9,18.73,0.8566,0.2158,0.2422,0.7169,0.4553
PRAX,2025-10-16,2025-10-29,9,195.76,0.4392,0.0459,0.1676,0.4397,0.671
MS,2025-10-15,2025-10-28,9,165.21,0.6013,0.2634,0.2425,0.7327,0.5115
BAC,2025-10-15,2025-10-27,8,53.02,0.8367,0.3907,0.1976,0.4806,0.0404
GM,2025-10-21,2025-10-27,4,69.38,0.8989,0.2225,0.096,0.4245,0.1617
RTX,2025-10-21,2025-10-27,4,179.24,0.7296,0.3285,0.0475,0.5327,0.3151
WFC,2025-10-14,2025-10-27,9,87.01,0.7379,0.3222,0.0493,0.4616,0.2061
ASX,2025-10-16,2025-10-24,6,12.98,0.8512,0.4158,0.0526,0.4078,0.3157
GTLB,2025-10-16,2025-10-24,6,48.53,0.4693,0.1221,0.1749,0.4538,0.8951
WBD,2025-10-21,2025-10-24,3,21.15,0.7519,0.3445,0.2403,0.6118,0.4588
DAL,2025-10-09,2025-10-15,4,61.7,0.9267,0.3033,0.0186,0.4743,0.2653
HBM,2025-09-29,2025-10-13,10,17.57,0.7478,0.388,0.045,0.7271,0.2324
INTC,2025-09-18,2025-10-09,15,37.8,0.5814,0.1716,0.1581,0.7259,0.5152
CSX,2025-09-29,2025-10-08,7,35.95,0.81,0.3858,0.2304,0.6166,0.6979
DPRO,2025-09-30,2025-10-08,6,11.19,0.7743,0.1018,0.1675,0.7353,0.8657
XEL,2025-09-24,2025-10-08,10,81.85,0.5308,0.2236,0.2392,0.696,0.2682
ASM,2025-09-19,2025-10-07,12,5.36,0.6578,0.3089,0.102,0.6629,0.7649
LLY,2025-10-01,2025-10-07,4,843.63,0.6536,0.2579,0.0618,0.5391,0.5834
LRMR,2025-10-01,2025-10-07,4,4.72,0.8976,0.291,0.139,0.6452,0.5493
IBM,2025-09-25,2025-10-06,7,289.42,0.5322,0.2505,0.1342,0.6049,0.6464
DNUT,2025-09-18,2025-10-03,11,3.78,0.9152,0.38,0.1703,0.7236,0.7236
GLUE,2025-09-15,2025-10-02,13,7.63,0.2341,0.0184,0.1542,0.7267,0.3524
AEM,2025-09-19,2025-10-01,8,170.19,0.7117,0.2626,0.1504,0.5312,0.3157
CNC,2025-09-11,2025-10-01,14,35.74,0.4886,0.1988,0.0083,0.6008,0.3839
CLSK,2025-09-18,2025-09-30,8,14.5,0.8545,0.3994,0.122,0.6708,0.7013
NBIS,2025-09-09,2025-09-29,14,110.22,0.5428,0.1365,0.1282,0.6392,0.7064
UBER,2025-09-19,2025-09-29,6,99.57,0.8635,0.4213,0.0913,0.612,0.8842
ES,2025-09-19,2025-09-25,4,68.5,0.9419,0.2318,0.1319,0.6848,0.7162
BLSH,2025-09-18,2025-09-24,4,67.59,0.8825,0.3226,0.2252,0.3644,0.6905
WDAY,2025-09-17,2025-09-24,5,241.51,0.5625,0.1841,0.1403,0.7258,0.4502
HOOD,2025-09-08,2025-09-23,11,126.2,0.6072,0.2825,0.1467,0.689,0.2934
KLAC,2025-09-18,2025-09-23,3,107.12,0.8952,0.4546,0.1212,0.5331,0.2023
WBD,2025-09-11,2025-09-23,8,19.56,0.5565,0.163,0.0799,0.6888,0.5589
CRCL,2025-09-11,2025-09-22,7,137.64,0.7902,0.3857,0.1916,0.5262,0.8607
LYFT,2025-09-17,2025-09-22,3,22.63,0.7682,0.2035,0.1098,0.7285,0.8682
MLYS,2025-09-02,2025-09-22,14,38.78,0.3186,0.0572,0.1595,0.6661,0.6868
MPT,2025-09-12,2025-09-22,6,5.01,0.6887,0.3238,0.0569,0.6542,0.9102
AAOI,2025-09-10,2025-09-19,7,28.99,0.8401,0.4081,0.1361,0.6382,0.6687
BRZE,2025-09-05,2025-09-18,9,32.39,0.9063,0.2047,0.0421,0.6916,0.7653
CIEN,2025-09-04,2025-09-18,10,138.04,0.6519,0.1813,0.1352,0.4691,0.3483
LCID,2025-09-05,2025-09-18,9,20.5,0.5514,0.1987,0.0163,0.4557,0.7324
S,2025-08-29,2025-09-18,13,18.72,0.6676,0.2612,0.0457,0.6835,0.7012
CRWV,2025-09-10,2025-09-17,5,120.86,0.8034,0.3482,0.1421,0.7489,0.5047
PSKY,2025-09-11,2025-09-17,4,17.92,0.537,0.1512,0.2135,0.5642,0.8616
ARM,2025-09-10,2025-09-16,4,153.85,0.6074,0.2126,0.0169,0.6481,0.9458
CORZ,2025-09-10,2025-09-16,4,16.18,0.4477,0.154,0.15,0.6716,0.6782
DOCU,2025-09-05,2025-09-16,7,81.71,0.8437,0.2637,0.169,0.7448,0.5306
GOOGL,2025-09-03,2025-09-16,9,251.16,0.8996,0.3301,0.1614,0.6261,0.3297
MU,2025-09-11,2025-09-16,3,158.82,0.8539,0.3225,0.157,0.4476,0.2841
PL,2025-09-08,2025-09-16,6,9.75,0.5553,0.1235,0.1766,0.5078,0.5779
CPNG,2025-09-08,2025-09-12,4,32.41,0.9395,0.2411,0.1374,0.6119,0.5994
CTRI,2025-09-04,2025-09-12,6,23.02,0.4671,0.0906,0.0399,0.5078,0.3842
SBSW,2025-09-05,2025-09-12,5,8.72,0.6647,0.3088,0.0245,0.392,0.9799
IONS,2025-09-02,2025-09-11,7,64.04,0.5396,0.1104,0.1644,0.5965,0.2846
SHFS,2025-09-02,2025-09-11,7,4.29,0.0228,0.0012,0.2331,0.7379,0.7381
TSHA,2025-09-04,2025-09-11,5,3.24,0.8096,0.2024,0.0598,0.6874,0.9563
M,2025-09-03,2025-09-10,5,17.04,0.9079,0.2089,0.0626,0.5711,0.9701
BILL,2025-08-28,2025-09-09,7,50.92,0.7114,0.2611,0.1298,0.4265,0.6398
CPB,2025-09-03,2025-09-09,4,33.74,0.6911,0.3267,0.1117,0.5417,0.3574
CRDO,2025-09-04,2025-09-09,3,149.03,0.8323,0.3042,0.0544,0.5824,0.3481
P,2025-08-28,2025-09-09,7,79.21,0.5425,0.108,0.1112,0.5575,0.5028
SNDK,2025-09-04,2025-09-09,3,70.51,0.9304,0.3302,0.0879,0.6436,0.313
CMBT,2025-08-28,2025-09-08,6,9.5,0.6866,0.2635,0.1822,0.5466,0.1301
MB,2025-08-18,2025-09-08,14,12.09,0.0586,0.0036,0.0697,0.4627,0.4527
KSS,2025-08-27,2025-09-05,6,16.57,0.7084,0.1371,0.0515,0.6479,0.472
MDB,2025-08-27,2025-09-05,6,324.74,0.5361,0.1128,0.0203,0.54,0.4123
BIDU,2025-08-29,2025-09-04,3,98.21,0.9018,0.3885,0.0682,0.7311,0.178
NU,2025-08-15,2025-09-03,12,14.9,0.6753,0.2883,0.0655,0.6667,0.4695
ALB,2025-08-11,2025-08-29,14,84.92,0.4116,0.1394,0.1762,0.6068,0.7569
HTZ,2025-08-20,2025-08-29,7,5.73,0.4598,0.1012,0.0492,0.6153,0.9106
AS,2025-08-22,2025-08-27,3,41.05,0.88,0.4514,0.2412,0.6988,0.8101
QXO,2025-08-22,2025-08-27,3,20.9,0.9044,0.4763,0.1915,0.7127,0.6915
UWMC,2025-08-07,2025-08-27,14,5.69,0.533,0.3497,0.0774,0.5415,0.7736
YMM,2025-08-21,2025-08-27,4,12.69,0.7375,0.3343,0.0389,0.5638,0.8457
AVAH,2025-08-07,2025-08-26,13,7.67,0.7591,0.098,0.1794,0.634,0.3828
CLBT,2025-08-14,2025-08-26,8,15.8,0.6084,0.132,0.0527,0.6328,0.9492
HBM,2025-08-13,2025-08-26,9,11.75,0.7199,0.1772,0.1204,0.6019,0.8427
UNH,2025-08-15,2025-08-22,5,307.42,0.6349,0.2189,0.119,0.55,0.8096
ENPH,2025-08-15,2025-08-20,3,35.68,0.5456,0.2579,0.1482,0.5974,0.792
LQDA,2025-08-12,2025-08-20,6,27.35,0.7691,0.2459,0.2059,0.706,0.478
RUN,2025-08-07,2025-08-20,9,15.47,0.8631,0.3495,0.0476,0.651,0.8732
CC,2025-08-13,2025-08-19,4,15.03,0.5667,0.2891,0.0701,0.5783,0.4033
CRH,2025-08-07,2025-08-19,8,112.44,0.9119,0.4449,0.1329,0.6291,0.59
ELAN,2025-08-07,2025-08-18,7,17.7,0.6406,0.2909,0.171,0.6462,0.7317
GLW,2025-07-29,2025-08-18,14,65.52,0.5061,0.1742,0.2138,0.5898,0.7225
HOG,2025-07-30,2025-08-18,13,27.68,0.673,0.1355,0.1651,0.5412,0.7981
JBLU,2025-07-29,2025-08-18,14,5.18,0.6626,0.2621,0.1791,0.4701,0.4478
SE,2025-08-12,2025-08-18,4,177.27,0.5063,0.1296,0.0325,0.4603,0.6624
SSRM,2025-08-06,2025-08-18,8,16.78,0.6883,0.1985,0.2161,0.7482,0.2161
CELH,2025-08-07,2025-08-15,6,57.3,0.7586,0.2308,0.0986,0.7305,0.2196
GEN,2025-08-08,2025-08-15,5,31.47,0.8497,0.3249,0.1446,0.5718,0.9793
PFE,2025-08-05,2025-08-15,8,25.14,0.7041,0.2795,0.1582,0.6526,0.3164
PTON,2025-07-30,2025-08-15,12,8.52,0.5647,0.212,0.06,0.5601,0.7202
RELY,2025-08-07,2025-08-15,6,19.6,0.5698,0.2245,0.2232,0.5649,0.7671
UPWK,2025-08-07,2025-08-15,6,13.8,0.6449,0.2555,0.0373,0.7178,0.6526
VSAT,2025-08-04,2025-08-15,9,27.1,0.5575,0.2481,0.1153,0.4141,0.9548
APA,2025-08-07,2025-08-14,5,20.49,0.8229,0.2678,0.064,0.6403,0.2817
CPRI,2025-08-06,2025-08-14,6,21.36,0.8933,0.2692,0.1037,0.5054,0.7084
CYRX,2025-08-06,2025-08-14,6,8.85,0.5237,0.0597,0.075,0.6446,0.9444
TER,2025-07-30,2025-08-14,11,111.82,0.4984,0.1225,0.1602,0.7436,0.5877
VISN,2025-08-04,2025-08-14,8,15.07,0.4732,0.0644,0.114,0.7183,0.8894
GILD,2025-08-08,2025-08-13,3,120.14,0.7831,0.3758,0.1385,0.5471,0.5708
XERS,2025-08-07,2025-08-13,4,7.28,0.886,0.2621,0.2414,0.5766,0.8851
APP,2025-08-07,2025-08-12,3,467.0,0.769,0.219,0.0036,0.5356,0.3041
HL,2025-08-07,2025-08-12,3,7.67,0.7991,0.2584,0.0,0.5219,0.307
PAAS,2025-08-07,2025-08-12,3,32.01,0.6378,0.2773,0.1645,0.7353,0.1064
ATEC,2025-08-01,2025-08-08,5,14.97,0.6199,0.1342,0.015,0.6143,0.7342
EMBJ,2025-07-30,2025-08-08,7,58.39,0.5909,0.1811,0.0557,0.4776,0.8079
STAA,2025-08-05,2025-08-08,3,27.26,0.7989,0.0598,0.142,0.3283,0.1863
TAL,2025-07-31,2025-08-08,6,11.45,0.3064,0.1241,0.098,0.4411,0.196
CELC,2025-07-28,2025-08-07,8,44.24,0.2542,0.0235,0.0063,0.6614,0.6882
EBAY,2025-07-31,2025-08-07,5,93.02,0.7806,0.2436,0.0975,0.5039,0.1951
COMP,2025-07-31,2025-08-06,4,8.24,0.8345,0.3511,0.0952,0.571,0.3809
INDV,2025-07-31,2025-08-06,4,22.0,0.8556,0.1451,0.0,0.7282,0.0753
META,2025-07-31,2025-08-06,4,771.99,0.7184,0.2507,0.0985,0.6524,0.6316
OKLO,2025-07-24,2025-08-06,9,83.1,0.6563,0.332,0.0202,0.6715,0.3641
UEC,2025-07-16,2025-07-31,11,8.67,0.7944,0.4089,0.0889,0.6369,0.9336
ABVX,2025-07-23,2025-07-30,5,70.835,0.4625,0.0496,0.0272,0.4922,0.4497
LW,2025-07-23,2025-07-29,4,59.46,0.5243,0.1552,0.1154,0.6137,0.7199
BKR,2025-07-23,2025-07-28,3,46.55,0.6901,0.265,0.1962,0.4535,0.1407
IVZ,2025-07-18,2025-07-28,6,21.68,0.5053,0.1195,0.1311,0.5409,0.2623
ALAB,2025-07-21,2025-07-24,3,121.68,0.6012,0.2351,0.0887,0.6325,0.4989
JNJ,2025-07-16,2025-07-24,6,169.56,0.7577,0.2998,0.0224,0.4153,0.1609
MP,2025-07-10,2025-07-24,10,61.56,0.3798,0.1012,0.1577,0.537,0.7975
TTD,2025-07-15,2025-07-24,7,85.0,0.4677,0.1599,0.0801,0.6075,0.3481
XYZ,2025-07-21,2025-07-24,3,79.77,0.572,0.1908,0.1275,0.7142,0.5337
BABA,2025-07-15,2025-07-23,6,122.58,0.8384,0.3701,0.0641,0.7348,0.3831
FAST,2025-07-14,2025-07-23,7,47.43,0.8251,0.3218,0.2434,0.5562,0.2202
PEP,2025-07-17,2025-07-23,4,145.66,0.5543,0.2357,0.0673,0.6532,0.4613
UAL,2025-07-10,2025-07-21,7,92.35,0.7824,0.321,0.0539,0.5016,0.5986
DAL,2025-07-10,2025-07-18,6,56.29,0.6862,0.1912,0.0338,0.7343,0.9707
JMIA,2025-07-01,2025-07-18,12,4.67,0.6427,0.1719,0.2311,0.66,0.7594
PLRZ,2025-07-15,2025-07-18,3,5.9909,0.1226,0.0066,0.029,0.0672,0.1795
AES,2025-07-09,2025-07-17,6,13.19,0.5899,0.1777,0.0843,0.5056,0.4382
BTDR,2025-07-02,2025-07-17,10,13.75,0.5919,0.31,0.2281,0.5455,0.7211
HUT,2025-07-02,2025-07-16,9,22.24,0.7634,0.3052,0.0434,0.5999,0.9541
SANA,2025-07-08,2025-07-15,5,4.18,0.7578,0.3515,0.1278,0.5749,0.8623
COGT,2025-07-07,2025-07-14,5,11.09,0.7686,0.1163,0.2255,0.747,0.3312
HOOD,2025-06-30,2025-07-14,9,99.96,0.9368,0.4645,0.1856,0.6097,0.3935
INN,2025-06-26,2025-07-14,11,5.57,0.2788,0.1007,0.1562,0.6249,0.2604
SMMT,2025-07-03,2025-07-14,6,25.4,0.7537,0.2337,0.1786,0.5856,0.5537
TRIP,2025-07-03,2025-07-11,5,18.0,0.9384,0.3714,0.0,0.6333,0.5288
U,2025-07-07,2025-07-11,4,28.93,0.7352,0.2642,0.2151,0.7241,0.8675
JOBY,2025-06-30,2025-07-09,6,11.56,0.6896,0.305,0.1752,0.657,0.219
MLCO,2025-07-01,2025-07-09,5,8.84,0.7332,0.1416,0.1752,0.5929,0.2425
RCL,2025-06-27,2025-07-09,7,333.57,0.6519,0.1605,0.0344,0.7043,0.3504
BE,2025-06-30,2025-07-08,5,24.3,0.9063,0.4069,0.0623,0.7085,0.4749
LVS,2025-07-01,2025-07-08,4,49.11,0.8286,0.3729,0.2427,0.6773,0.2467
NEXT,2025-06-24,2025-07-08,9,9.12,0.8128,0.2198,0.0247,0.7149,0.7396
SNAP,2025-07-01,2025-07-08,4,9.32,0.6691,0.3316,0.0545,0.5344,0.8179
CCL,2025-06-24,2025-07-03,7,29.96,0.6741,0.2861,0.1897,0.645,0.3103
HPE,2025-06-30,2025-07-03,3,21.34,0.578,0.2117,0.1557,0.4983,0.2025
MBLY,2025-06-24,2025-07-03,7,19.08,0.386,0.1617,0.1319,0.4359,0.3298
NKE,2025-06-27,2025-07-03,4,76.39,0.5304,0.1023,0.0509,0.5909,0.2608
NU,2025-06-24,2025-07-03,7,13.6,0.4326,0.2776,0.0626,0.3232,0.8026
PENN,2025-06-26,2025-07-03,5,18.48,0.4109,0.1858,0.2362,0.5832,0.5094
RDDT,2025-06-17,2025-07-03,11,157.03,0.4496,0.1718,0.2206,0.6261,0.8422
APG,2025-06-20,2025-06-30,6,34.0333,0.5462,0.2018,0.159,0.7053,0.8941
VSAT,2025-06-09,2025-06-30,14,14.6,0.4224,0.1844,0.141,0.6663,0.3204
BILI,2025-06-11,2025-06-26,10,20.82,0.5182,0.1837,0.2497,0.5961,0.7214
EVH,2025-06-23,2025-06-26,3,10.75,0.6583,0.1551,0.0193,0.4825,0.2895
INTC,2025-06-10,2025-06-26,11,22.5,0.6855,0.3688,0.1155,0.4736,0.3118
UPST,2025-06-18,2025-06-26,5,63.35,0.7338,0.3783,0.1567,0.4702,0.7324
MRVL,2025-06-18,2025-06-25,4,75.93,0.7447,0.3509,0.1214,0.5213,0.4744
ROKU,2025-06-16,2025-06-25,6,83.63,0.7658,0.3229,0.1909,0.6159,0.5451
BHC,2025-06-13,2025-06-24,6,6.2,0.5601,0.1274,0.0,0.5552,0.4072
GNW,2025-06-18,2025-06-24,3,7.87,0.5733,0.212,0.1593,0.6171,0.5176
ECHO,2025-06-16,2025-06-23,4,25.15,0.4432,0.1493,0.1321,0.7103,0.5506
INSM,2025-06-10,2025-06-17,5,100.28,0.6641,0.1709,0.0776,0.5205,0.4304
SAIL,2025-06-11,2025-06-17,4,22.95,0.7756,0.1663,0.2069,0.6488,0.9874
SNDK,2025-06-09,2025-06-17,6,44.09,0.8881,0.2652,0.0625,0.4571,0.3392
TNGX,2025-06-03,2025-06-17,10,4.805,0.4201,0.1991,0.0688,0.7253,0.5602
ELF,2025-05-29,2025-06-16,12,126.21,0.4708,0.0989,0.2315,0.536,0.8124
PAAS,2025-06-05,2025-06-12,5,28.96,0.6405,0.2509,0.1293,0.6067,0.6962
ORIC,2025-05-29,2025-06-10,8,9.75,0.5367,0.0721,0.0915,0.5751,0.4183
DG,2025-06-03,2025-06-09,4,113.31,0.6827,0.1997,0.0827,0.5919,0.5135
SKYA,2025-06-04,2025-06-09,3,5.86,0.0998,0.0053,0.0134,0.4311,0.7888
CCJ,2025-05-23,2025-06-06,9,60.42,0.6033,0.2495,0.2046,0.6767,0.9704
ON,2025-06-03,2025-06-06,3,50.17,0.7602,0.3374,0.0757,0.5544,0.501
WRBY,2025-05-20,2025-06-06,12,21.58,0.4816,0.1492,0.0749,0.6462,0.5338
AS,2025-05-20,2025-06-05,11,37.38,0.6802,0.216,0.2057,0.72,0.7748
ZS,2025-05-30,2025-06-05,4,300.88,0.7975,0.2519,0.1832,0.6296,0.3321
FLR,2025-05-27,2025-06-04,6,42.89,0.8306,0.3216,0.1989,0.6385,0.6224
SNOW,2025-05-22,2025-06-03,7,209.15,0.6825,0.1551,0.2059,0.5521,0.2547
U,2025-05-28,2025-06-03,4,26.2,0.5999,0.2239,0.0628,0.5904,0.961
MIR,2025-05-23,2025-05-30,4,19.1,0.9351,0.2901,0.0141,0.6278,0.8464
TXNM,2025-05-19,2025-05-30,8,56.69,0.5348,0.1317,0.0452,0.1991,0.5429
EYE,2025-05-07,2025-05-28,14,19.24,0.8462,0.2505,0.1562,0.646,0.355
SERV,2025-05-09,2025-05-28,12,12.65,0.815,0.4335,0.1985,0.6253,0.3474
SBSW,2025-05-20,2025-05-27,4,6.07,0.8395,0.4301,0.0374,0.6178,0.3744
APLD,2025-05-16,2025-05-23,5,7.36,0.6377,0.3287,0.1164,0.7232,0.5653
RKLB,2025-05-14,2025-05-23,7,25.42,0.877,0.3872,0.0535,0.5315,0.78
CDE,2025-05-08,2025-05-21,9,7.8,0.6568,0.3393,0.1018,0.6988,0.457
CLSK,2025-05-09,2025-05-20,7,9.7,0.755,0.3979,0.2006,0.6304,0.9025
IP,2025-05-14,2025-05-20,4,50.01,0.5892,0.2906,0.2014,0.467,0.4055
LUNR,2025-05-13,2025-05-20,5,11.91,0.6663,0.1424,0.209,0.6325,0.9791
ONON,2025-05-13,2025-05-20,5,59.67,0.5898,0.2093,0.0408,0.5282,0.3221
SE,2025-05-13,2025-05-20,5,162.41,0.4736,0.1879,0.1362,0.4449,0.5001
SGI,2025-05-12,2025-05-20,6,66.28,0.4538,0.178,0.0328,0.4006,0.2624
TOST,2025-05-09,2025-05-20,7,44.32,0.6312,0.2294,0.1859,0.4649,0.7205
TTD,2025-05-08,2025-05-20,8,77.06,0.3924,0.1856,0.2344,0.4284,0.9514
XRAY,2025-05-08,2025-05-20,8,16.71,0.541,0.1875,0.2094,0.4886,0.8202
HIMS,2025-04-29,2025-05-19,14,62.34,0.6211,0.2347,0.0892,0.4907,0.6887
SMCI,2025-05-13,2025-05-19,4,44.79,0.7529,0.4715,0.173,0.6949,0.9214
TDUP,2025-05-06,2025-05-19,9,6.995,0.4102,0.0717,0.0113,0.6253,0.4423
UAA,2025-05-12,2025-05-19,5,6.55,0.7097,0.3826,0.0882,0.5824,0.7647
CELH,2025-05-06,2025-05-16,8,39.39,0.7681,0.3065,0.0027,0.6059,0.3002
CVNA,2025-05-08,2025-05-16,6,59.978,0.8721,0.399,0.0088,0.6223,0.7521
GOGO,2025-05-09,2025-05-15,4,12.2,0.5272,0.0913,0.2323,0.738,0.9566
GTM,2025-05-12,2025-05-15,3,10.06,0.888,0.3192,0.0692,0.593,0.8006
MARA,2025-05-09,2025-05-15,4,15.68,0.682,0.3318,0.1149,0.6079,0.9669
NET,2025-05-09,2025-05-15,4,152.8,0.8567,0.3252,0.022,0.6091,0.286
W,2025-05-12,2025-05-15,3,38.75,0.7105,0.3397,0.0702,0.6092,0.7237
ZIM,2025-05-12,2025-05-15,3,18.03,0.7907,0.2649,0.0422,0.4029,0.8246
PINS,2025-05-09,2025-05-14,3,32.89,0.8359,0.2913,0.0832,0.5867,0.4292
IONQ,2025-05-08,2025-05-13,3,33.22,0.9219,0.3558,0.2424,0.7034,0.3497
LFMD,2025-04-29,2025-05-13,10,8.52,0.691,0.0726,0.2389,0.6824,0.5801
UPWK,2025-05-06,2025-05-13,5,17.5,0.8869,0.1938,0.1453,0.4583,0.2906
PRCH,2025-05-07,2025-05-12,3,10.59,0.7817,0.1055,0.1577,0.6534,0.8562
DXCM,2025-05-02,2025-05-09,5,84.67,0.7004,0.3131,0.0343,0.4613,0.3335
CART,2025-05-02,2025-05-07,3,45.73,0.4746,0.1921,0.1254,0.6978,0.8728
MSFT,2025-05-01,2025-05-06,3,433.31,0.5416,0.2563,0.0864,0.5103,0.4815
OKTA,2025-04-29,2025-05-02,3,112.9,0.5548,0.2508,0.1123,0.6856,0.3134
RZLT,2025-04-23,2025-05-02,7,4.0,0.4269,0.0422,0.0304,0.5405,0.8806
AGNC,2025-04-09,2025-05-01,15,8.81,0.6966,0.3339,0.0854,0.4099,0.9563
DIS,2025-04-09,2025-05-01,15,90.81,0.6049,0.312,0.1507,0.4139,0.4768
DOW,2025-04-09,2025-05-01,15,30.53,0.5652,0.3526,0.1042,0.3993,0.2847
ELAN,2025-04-09,2025-05-01,15,9.47,0.5117,0.2553,0.185,0.6576,0.6165
ESI,2025-04-22,2025-05-01,7,20.64,0.5371,0.2019,0.1574,0.4919,0.2853
EW,2025-04-24,2025-05-01,5,75.18,0.9404,0.4391,0.1606,0.7429,0.6336
FLG,2025-04-25,2025-05-01,4,11.78,0.7216,0.3457,0.2035,0.6846,0.9344
GTM,2025-04-09,2025-05-01,15,8.63,0.5074,0.234,0.2396,0.559,0.5889
MRVL,2025-04-09,2025-05-01,15,60.95,0.8458,0.4638,0.2001,0.6239,0.2063
RITM,2025-04-09,2025-05-01,15,11.18,0.6749,0.3267,0.0801,0.4807,0.3472
SYF,2025-04-09,2025-05-01,15,52.31,0.5579,0.2794,0.0118,0.5109,0.2782
AMBP,2025-04-24,2025-04-30,4,3.71,0.909,0.1919,0.125,0.5313,0.6564
BHC,2025-04-17,2025-04-30,8,5.3,0.7522,0.2505,0.1716,0.6865,0.6865
EOSE,2025-04-09,2025-04-30,14,5.22,0.7518,0.4813,0.0954,0.5963,0.8556
PSX,2025-04-09,2025-04-30,14,104.06,0.8609,0.2804,0.0665,0.5257,0.5101
TEVA,2025-04-09,2025-04-30,14,15.51,0.731,0.3105,0.0307,0.4758,0.3223
TFC,2025-04-09,2025-04-30,14,38.34,0.5258,0.2377,0.2359,0.6695,0.4787
TME,2025-04-22,2025-04-30,6,13.42,0.3674,0.1778,0.1334,0.4668,0.4167
ADI,2025-04-07,2025-04-29,15,192.67,0.7247,0.3849,0.124,0.4722,0.6136
BBY,2025-04-09,2025-04-29,13,66.68,0.4253,0.1965,0.0463,0.292,0.5984
MCHP,2025-04-09,2025-04-29,13,45.92,0.5248,0.2772,0.0364,0.4019,0.6381
MLCO,2025-04-24,2025-04-29,3,5.18,0.9155,0.4551,0.1922,0.5383,0.4614
NOW,2025-04-24,2025-04-29,3,188.572,0.5211,0.2048,0.0659,0.384,0.4183
ON,2025-04-07,2025-04-29,15,38.86,0.6621,0.4183,0.0201,0.4636,0.59
PLD,2025-04-09,2025-04-29,13,103.1,0.3401,0.1438,0.1434,0.4384,0.5088
ROKU,2025-04-09,2025-04-29,13,69.28,0.8398,0.3841,0.0587,0.5918,0.4415
SAN,2025-04-09,2025-04-29,13,7.4,0.4465,0.1576,0.1869,0.2804,0.2804
SHFS,2025-04-21,2025-04-29,6,3.77,0.0103,0.0006,0.0323,0.2749,0.9055
SIRI,2025-04-09,2025-04-29,13,21.73,0.5015,0.2253,0.0222,0.4449,0.4505
SWKS,2025-04-09,2025-04-29,13,61.6,0.5734,0.237,0.06,0.4232,0.2937
TCOM,2025-04-09,2025-04-29,13,59.33,0.5339,0.3044,0.0604,0.4182,0.2587
W,2025-04-09,2025-04-29,13,31.18,0.7241,0.3574,0.1874,0.3424,0.1081
AAPL,2025-04-09,2025-04-28,12,210.14,0.489,0.2101,0.0158,0.4546,0.3151
APH,2025-04-23,2025-04-28,3,37.94,0.5764,0.3086,0.0584,0.4803,0.2219
ASX,2025-04-09,2025-04-28,12,8.74,0.4938,0.2115,0.1499,0.5245,0.0999
BAC,2025-04-09,2025-04-28,12,39.78,0.5681,0.2322,0.0133,0.4129,0.2331
C,2025-04-09,2025-04-28,12,68.28,0.6189,0.2893,0.1252,0.5441,0.3739
CPNG,2025-04-09,2025-04-28,12,23.42,0.5423,0.2553,0.0332,0.5526,0.199
LLY,2025-04-17,2025-04-28,6,877.29,0.8661,0.3186,0.194,0.5053,0.2348
LRCX,2025-04-07,2025-04-28,14,71.57,0.6422,0.3638,0.1619,0.4961,0.1867
ORC,2025-04-09,2025-04-28,12,7.34,0.8885,0.3679,0.1412,0.6177,0.3353
QCOM,2025-04-09,2025-04-28,12,147.62,0.536,0.2704,0.0872,0.6014,0.2617
STX,2025-04-09,2025-04-28,12,82.16,0.5845,0.2824,0.0124,0.5771,0.4087
UAL,2025-04-09,2025-04-28,12,68.84,0.3997,0.1504,0.0324,0.4635,0.931
UPST,2025-04-07,2025-04-28,14,48.1,0.6953,0.3645,0.222,0.6684,0.3058
VLY,2025-04-09,2025-04-28,12,8.63,0.5832,0.3,0.1342,0.4697,0.4831
WDC,2025-04-09,2025-04-28,12,40.91,0.5868,0.2938,0.1524,0.45,0.1024
WFC,2025-04-09,2025-04-28,12,69.43,0.731,0.3906,0.1387,0.6896,0.4123
ABNB,2025-04-09,2025-04-25,11,122.51,0.4688,0.2262,0.195,0.4081,0.1417
BSX,2025-04-09,2025-04-25,11,101.9,0.5084,0.2293,0.1499,0.3908,0.1381
MGNI,2025-04-17,2025-04-25,5,12.38,0.4952,0.1723,0.1115,0.446,0.2007
RXRX,2025-04-11,2025-04-25,9,5.73,0.5345,0.1523,0.2047,0.5582,0.7071
SCHW,2025-04-09,2025-04-25,11,79.94,0.5797,0.3116,0.0991,0.6304,0.41
STM,2025-04-09,2025-04-25,11,23.28,0.6483,0.3609,0.1934,0.3153,0.1177
TECK,2025-04-09,2025-04-25,11,35.58,0.7526,0.348,0.0505,0.4549,0.6419
VKTX,2025-04-14,2025-04-25,8,24.99,0.8722,0.4316,0.0699,0.485,0.9793
QURE,2025-04-17,2025-04-24,4,14.26,0.4561,0.0732,0.141,0.6978,0.8091
ARM,2025-04-09,2025-04-23,9,105.16,0.8801,0.3689,0.1591,0.6659,0.603
ONON,2025-04-04,2025-04-23,12,43.93,0.5273,0.1897,0.1922,0.6132,0.8021
AQN,2025-04-09,2025-04-22,8,5.39,0.662,0.3255,0.1638,0.5557,0.5459
CERT,2025-04-11,2025-04-22,6,14.45,0.7739,0.21,0.159,0.6021,0.2499
KR,2025-04-03,2025-04-22,12,72.98,0.7579,0.4601,0.232,0.7446,0.3315
BAH,2025-04-02,2025-04-16,10,111.29,0.548,0.1895,0.2101,0.6515,0.9039
IAG,2025-04-09,2025-04-15,4,7.44,0.6771,0.3011,0.1725,0.5423,0.0493
GRPN,2025-03-12,2025-03-26,10,18.19,0.6505,0.1265,0.0608,0.7295,0.4154
AAOI,2025-03-14,2025-03-25,7,21.77,0.4411,0.1514,0.0524,0.5616,0.7226
GENI,2025-03-04,2025-03-25,15,11.08,0.7738,0.3743,0.0,0.5359,0.1505
OWL,2025-03-19,2025-03-25,4,21.65,0.7519,0.4017,0.0559,0.5475,0.257
QUBT,2025-03-14,2025-03-25,7,8.48,0.8004,0.4236,0.1445,0.7457,0.7644
DOCU,2025-03-14,2025-03-24,6,89.0,0.7301,0.2032,0.0381,0.393,0.1793
EIX,2025-02-28,2025-03-19,13,58.5,0.5545,0.2252,0.0272,0.6042,0.7293
GOTU,2025-02-26,2025-03-19,15,3.89,0.2782,0.0763,0.1033,0.3787,0.6541
MNST,2025-02-28,2025-03-19,13,28.41,0.6358,0.2961,0.0958,0.6946,0.2475
AES,2025-02-28,2025-03-18,12,12.92,0.723,0.1869,0.1325,0.5961,0.492
TGTX,2025-03-03,2025-03-17,10,41.06,0.7147,0.1773,0.1583,0.7299,0.3473
ACI,2025-03-05,2025-03-14,7,21.08,0.486,0.3337,0.0366,0.6397,0.9596
MPT,2025-02-27,2025-03-14,11,5.87,0.6242,0.2606,0.0,0.4044,0.9243
GILD,2025-02-12,2025-03-06,15,116.04,0.8505,0.4758,0.2288,0.6707,0.5326
PBI,2025-02-12,2025-02-20,5,10.69,0.5894,0.2038,0.1312,0.6041,0.5685
UBER,2025-02-07,2025-02-20,8,81.26,0.4793,0.1805,0.0104,0.6144,0.2209
BROS,2025-02-13,2025-02-19,3,84.99,0.9161,0.202,0.1032,0.551,0.5272
CLF,2025-02-10,2025-02-19,6,11.85,0.8798,0.2455,0.2369,0.5353,0.6474
BFLY,2025-02-04,2025-02-18,9,4.82,0.8585,0.3387,0.2098,0.5114,0.4196
IBM,2025-01-30,2025-02-18,12,263.07,0.7737,0.2771,0.1882,0.6827,0.4375
YMM,2025-02-10,2025-02-18,5,12.79,0.8667,0.3666,0.02,0.58,0.48
AFRM,2025-02-07,2025-02-14,5,80.69,0.8505,0.2181,0.2195,0.646,0.0073
CRWD,2025-01-28,2025-02-14,13,112.935,0.8595,0.345,0.1605,0.7488,0.169
WDC,2025-01-30,2025-02-14,11,52.3688,0.7589,0.343,0.214,0.576,0.9504
PLTR,2025-02-04,2025-02-13,7,117.91,0.6912,0.2601,0.1004,0.5419,0.1254
MAT,2025-02-05,2025-02-12,5,21.72,0.9325,0.1991,0.0,0.6498,0.4951
NET,2025-02-07,2025-02-12,3,172.83,0.7487,0.2127,0.1641,0.5872,0.5606
CX,2025-02-06,2025-02-11,3,6.62,0.7505,0.2858,0.209,0.4598,0.9197
LRCX,2025-01-30,2025-02-11,8,83.26,0.6744,0.3579,0.0694,0.5275,0.4893
SBUX,2025-01-29,2025-02-11,9,111.03,0.4106,0.1149,0.066,0.6471,0.6999
VIAV,2025-01-31,2025-02-10,6,12.58,0.7941,0.1252,0.0418,0.523,0.6841
NOK,2025-01-30,2025-02-07,6,4.81,0.7154,0.2643,0.0856,0.4269,0.3422
BNY,2025-01-15,2025-02-06,15,86.4,0.601,0.2678,0.0592,0.4405,0.8547
GE,2025-01-23,2025-02-05,9,204.58,0.499,0.2249,0.1418,0.7069,0.6218
TFC,2025-01-17,2025-02-05,12,47.67,0.5302,0.2699,0.0979,0.71,0.84
TWLO,2025-01-24,2025-02-05,8,147.11,0.6213,0.1381,0.05,0.5613,0.8966
TAL,2025-01-23,2025-02-04,8,12.46,0.8091,0.2462,0.2426,0.5198,0.901
SGRY,2025-01-28,2025-02-03,4,25.3,0.7371,0.1411,0.1863,0.6862,0.8332
MS,2025-01-16,2025-01-30,9,139.94,0.6248,0.28,0.0429,0.5265,0.5083
BSX,2025-01-08,2025-01-29,13,102.71,0.8186,0.424,0.018,0.5042,0.2761
DAL,2025-01-10,2025-01-29,12,68.43,0.5494,0.1778,0.0598,0.4735,0.7725
MMM,2025-01-21,2025-01-29,6,151.54,0.9153,0.3515,0.0133,0.7108,0.4717
NFLX,2025-01-22,2025-01-28,4,97.183,0.7973,0.2406,0.1727,0.696,0.9165
XPEV,2025-01-07,2025-01-24,11,14.68,0.6945,0.339,0.1559,0.6945,0.6095
APLD,2025-01-14,2025-01-23,6,9.27,0.7344,0.2233,0.0952,0.6982,0.6664
C,2025-01-15,2025-01-22,4,81.69,0.9355,0.3279,0.1258,0.5976,0.3345
SYM,2025-01-16,2025-01-22,3,33.29,0.7756,0.147,0.2477,0.5969,0.3654
WFC,2025-01-15,2025-01-22,4,77.54,0.7282,0.3485,0.0176,0.5553,0.4407
CEG,2025-01-10,2025-01-17,5,316.36,0.6736,0.1917,0.2392,0.5742,0.2613
ZSQR,2024-12-26,2025-01-14,11,8.24,0.0548,0.0055,0.1699,0.3469,0.1841
SVC,2024-12-20,2025-01-10,12,12.85,0.2851,0.0355,0.0659,0.5931,0.5931
PTEN,2024-12-20,2025-01-03,8,8.57,0.7186,0.2313,0.09,0.7201,0.3898
QURE,2024-12-10,2025-01-02,15,18.05,0.2256,0.0175,0.1509,0.6791,0.2943
KR,2024-12-10,2024-12-27,12,62.34,0.5011,0.33,0.0951,0.6874,0.9142
PLTR,2024-12-20,2024-12-26,3,82.14,0.6467,0.2153,0.2288,0.4913,0.596
BB,2024-12-16,2024-12-24,6,3.95,0.8188,0.4719,0.0,0.7247,0.5332
GME,2024-12-05,2024-12-24,13,31.14,0.3818,0.1357,0.0737,0.5337,0.3895
LI,2024-12-09,2024-12-24,11,24.44,0.3467,0.1415,0.1245,0.4131,0.9054
NAMS,2024-12-10,2024-12-24,10,25.95,0.128,0.0177,0.2152,0.4874,0.8482
TEVA,2024-12-17,2024-12-24,5,22.42,0.2496,0.0523,0.1817,0.3755,0.0969
NVCR,2024-12-02,2024-12-17,11,32.095,0.5506,0.0811,0.1567,0.725,0.891
LX,2024-11-26,2024-12-13,12,5.91,0.6729,0.2074,0.0274,0.698,0.8211
RBLX,2024-12-05,2024-12-13,6,59.6,0.6261,0.2758,0.1756,0.6326,0.6367
AAL,2024-12-05,2024-12-11,4,17.58,0.7336,0.1881,0.0468,0.5152,0.9757
KC,2024-11-20,2024-12-11,14,9.26,0.4286,0.1761,0.096,0.6037,0.6037
VSAT,2024-11-21,2024-12-11,13,9.55,0.5842,0.2225,0.1874,0.6678,0.9957
GAP,2024-11-21,2024-12-06,10,26.0,0.5868,0.2508,0.1238,0.5312,0.2475
SHO,2024-12-03,2024-12-06,3,12.07,0.6567,0.155,0.2253,0.354,0.3862
AMCR,2024-11-20,2024-12-03,8,52.8,0.6703,0.2375,0.1702,0.4256,0.6171
COUR,2024-11-25,2024-12-03,5,8.3,0.6012,0.1425,0.1352,0.5815,0.2705
APP,2024-11-07,2024-11-29,15,336.75,0.3445,0.146,0.2278,0.6401,0.4299
AUR,2024-11-18,2024-11-29,8,6.47,0.4086,0.2337,0.0974,0.4771,0.4771
BE,2024-11-08,2024-11-29,14,27.45,0.2667,0.1651,0.1261,0.5573,0.7333
CPRI,2024-11-14,2024-11-29,10,23.41,0.3663,0.1152,0.2159,0.4317,0.4317
DDOG,2024-11-22,2024-11-29,4,152.75,0.3155,0.1363,0.0485,0.4017,0.9179
ELF,2024-11-07,2024-11-29,15,129.52,0.2505,0.0958,0.0633,0.3892,0.7798
YMM,2024-11-20,2024-11-29,6,10.01,0.6781,0.2348,0.1048,0.5373,0.1442
CFG,2024-11-06,2024-11-27,15,48.16,0.5073,0.1831,0.2409,0.7316,0.9725
DLO,2024-11-14,2024-11-27,9,11.4,0.663,0.1109,0.1511,0.6797,0.7175
GENI,2024-11-12,2024-11-27,11,9.77,0.6517,0.1975,0.1376,0.642,0.8713
M,2024-11-22,2024-11-27,3,15.96,0.7045,0.4005,0.1676,0.5588,0.7449
ROIV,2024-11-22,2024-11-27,3,12.69,0.5052,0.2328,0.057,0.6268,0.698
SYF,2024-11-06,2024-11-27,15,67.22,0.6101,0.2489,0.1193,0.7038,0.3221
TOST,2024-11-08,2024-11-27,13,43.18,0.4543,0.1693,0.0782,0.7254,0.6649
HBAN,2024-11-06,2024-11-26,14,18.14,0.5845,0.2316,0.1786,0.5102,0.778
SPOT,2024-11-13,2024-11-26,9,476.61,0.6194,0.2208,0.0716,0.6388,0.9964
BROS,2024-11-07,2024-11-25,12,51.91,0.6642,0.1383,0.0466,0.4804,0.5245
DIS,2024-11-14,2024-11-25,7,116.0,0.8307,0.2192,0.1207,0.6213,0.2186
KEY,2024-11-06,2024-11-25,13,19.81,0.9289,0.3251,0.0628,0.5643,0.4805
TGTX,2024-11-13,2024-11-22,7,35.07,0.5788,0.2606,0.2068,0.7083,0.6291
UEC,2024-11-18,2024-11-21,3,8.4,0.7899,0.3361,0.0985,0.6795,0.453
VTRS,2024-11-07,2024-11-21,10,13.25,0.8926,0.3139,0.1415,0.6366,0.5376
AA,2024-11-15,2024-11-20,3,45.74,0.8067,0.3418,0.1272,0.5435,0.2313
AFRM,2024-11-11,2024-11-20,7,63.19,0.6178,0.2478,0.2351,0.6963,0.3559
HNST,2024-11-13,2024-11-20,5,7.25,0.8323,0.1921,0.0,0.6557,0.763
SE,2024-11-12,2024-11-20,6,114.46,0.9412,0.2809,0.1061,0.7452,0.706
BAC,2024-11-06,2024-11-18,8,46.72,0.8682,0.2941,0.0331,0.59,0.3309
RF,2024-11-06,2024-11-18,8,26.33,0.7725,0.3059,0.0498,0.4399,0.664
COP,2024-10-31,2024-11-14,10,112.92,0.803,0.3668,0.1338,0.6771,0.7906
FHN,2024-11-06,2024-11-14,6,20.16,0.8159,0.27,0.1075,0.5291,0.663
C,2024-11-06,2024-11-13,5,68.89,0.7076,0.2509,0.1098,0.5977,0.7989
GEN,2024-10-31,2024-11-13,9,30.51,0.7242,0.2489,0.1726,0.6749,0.5886
IBKR,2024-11-06,2024-11-13,5,44.6625,0.7638,0.329,0.1273,0.45,0.5818
HAL,2024-11-06,2024-11-12,4,30.19,0.9158,0.3959,0.1523,0.6679,0.6679
FITB,2024-11-06,2024-11-11,3,47.2,0.5338,0.2341,0.1803,0.73,0.3425
KVUE,2024-10-21,2024-11-11,15,23.78,0.8048,0.3614,0.0345,0.6719,0.1723
MBLY,2024-10-31,2024-11-08,6,16.45,0.8929,0.3965,0.0578,0.4911,0.9051
DELL,2024-10-30,2024-11-07,6,137.87,0.9277,0.3688,0.2189,0.6914,0.3522
IP,2024-10-31,2024-11-07,5,58.41,0.7179,0.3031,0.1898,0.689,0.7804
SMR,2024-10-28,2024-11-07,8,21.67,0.8373,0.4483,0.0491,0.638,0.5889
ADMA,2024-11-01,2024-11-06,3,19.67,0.8765,0.3686,0.0,0.7116,0.526
ATEC,2024-10-31,2024-11-06,4,8.87,0.6509,0.1144,0.1354,0.5998,0.2709
UPWK,2024-10-23,2024-10-31,6,13.56,0.7286,0.1182,0.1276,0.4194,0.857
PM,2024-10-22,2024-10-30,6,132.11,0.9096,0.3043,0.2385,0.5743,0.5124
LRN,2024-10-23,2024-10-29,4,91.07,0.4963,0.1167,0.0052,0.5995,0.4319
VLY,2024-10-24,2024-10-29,3,9.58,0.9131,0.4004,0.249,0.7268,0.7782
WFC,2024-10-11,2024-10-29,12,65.3,0.7655,0.3564,0.1392,0.5568,0.5129
ALAB,2024-10-09,2024-10-28,13,72.87,0.4699,0.1489,0.0197,0.7097,0.6139
ERIC,2024-10-15,2024-10-24,7,8.5,0.9429,0.3024,0.0,0.534,0.7115
RILY,2024-10-14,2024-10-22,6,5.98,0.5616,0.091,0.1695,0.5909,0.9861
DOCU,2024-10-08,2024-10-18,8,72.3,0.4452,0.1633,0.0851,0.5798,0.7979
FAST,2024-10-11,2024-10-18,5,38.95,0.928,0.3194,0.0188,0.4766,0.5361
JPM,2024-10-11,2024-10-17,4,224.42,0.7108,0.3532,0.0347,0.588,0.331
SGMT,2024-10-01,2024-10-17,12,5.4,0.2256,0.0173,0.0398,0.6966,0.9752
SIRI,2024-10-14,2024-10-17,3,27.1,0.8558,0.3257,0.0309,0.5252,0.6564
AFRM,2024-10-11,2024-10-16,3,47.97,0.5494,0.2756,0.0885,0.654,0.8156
HOOD,2024-10-08,2024-10-16,6,26.93,0.8606,0.3155,0.1038,0.5728,0.3774
LYFT,2024-10-11,2024-10-16,3,13.39,0.6628,0.2356,0.2042,0.5292,0.7984
NCLH,2024-10-09,2024-10-16,5,24.56,0.7159,0.3192,0.113,0.7402,0.2656
CCL,2024-10-09,2024-10-14,3,20.21,0.7665,0.3874,0.1659,0.6359,0.8295
CPNG,2024-10-07,2024-10-14,5,25.64,0.673,0.2621,0.0153,0.6224,0.9762
CRGY,2024-10-02,2024-10-14,8,13.39,0.3216,0.151,0.2297,0.4135,0.402
ENVX,2024-10-02,2024-10-14,8,12.81,0.8158,0.3782,0.0112,0.7398,0.4259
MFG,2024-09-30,2024-10-14,10,4.25,0.4599,0.1617,0.0896,0.5269,0.9839
EWTX,2024-09-19,2024-10-10,15,29.99,0.6466,0.1042,0.1715,0.6506,0.4554
IONQ,2024-09-27,2024-10-09,8,9.54,0.7419,0.1499,0.0747,0.7018,0.8511
UEC,2024-09-23,2024-10-09,12,6.76,0.5163,0.1859,0.0559,0.6013,0.9229
SMR,2024-09-20,2024-10-07,11,12.86,0.6622,0.2459,0.1616,0.4678,0.5358
TTEC,2024-09-30,2024-10-07,5,5.94,0.205,0.0161,0.2325,0.465,0.8782
LVS,2024-09-26,2024-10-04,6,52.58,0.8062,0.3858,0.1201,0.668,0.3902
VIPS,2024-09-26,2024-10-04,6,17.44,0.7116,0.2386,0.0591,0.7313,0.325
BE,2024-09-20,2024-10-03,9,10.65,0.7682,0.3829,0.2157,0.5702,0.9863
CEG,2024-09-20,2024-10-02,8,265.38,0.8035,0.2151,0.0434,0.7456,0.5978
AA,2024-09-16,2024-10-01,11,39.18,0.735,0.4129,0.1483,0.6598,0.692
UAA,2024-09-12,2024-09-30,12,8.91,0.6484,0.3528,0.1118,0.5589,0.3214
CCJ,2024-09-20,2024-09-27,5,47.98,0.7187,0.3134,0.1555,0.6192,0.7777
NKE,2024-09-20,2024-09-27,5,89.44,0.7172,0.1764,0.0051,0.5306,0.5963
VRDN,2024-09-10,2024-09-27,13,23.33,0.5202,0.0856,0.0201,0.5695,0.3149
CDE,2024-09-12,2024-09-26,10,7.51,0.7634,0.4258,0.1217,0.5964,0.5112
CVNA,2024-09-16,2024-09-26,8,34.242,0.8194,0.4846,0.2476,0.7147,0.6708
FTCI,2024-09-11,2024-09-26,11,5.495,0.0683,0.0046,0.1551,0.5908,0.7503
PLTR,2024-09-09,2024-09-25,12,37.12,0.5956,0.3308,0.1677,0.5814,0.7803
SVM,2024-09-20,2024-09-25,3,4.49,0.7944,0.1418,0.1916,0.6227,0.2635
KR,2024-09-12,2024-09-24,8,56.06,0.7288,0.3641,0.1634,0.4357,0.4994
VSTS,2024-09-05,2024-09-24,13,15.68,0.6752,0.1895,0.2224,0.6672,0.5467
APP,2024-09-12,2024-09-23,7,126.12,0.7548,0.399,0.0704,0.5525,0.4046
CNH,2024-09-09,2024-09-23,10,10.8,0.5145,0.2826,0.0621,0.7328,0.9936
IOT,2024-09-06,2024-09-23,11,49.47,0.5539,0.223,0.0806,0.3815,0.1469
UBER,2024-09-13,2024-09-23,6,74.71,0.6177,0.2728,0.1744,0.6497,0.7631
WOOF,2024-09-11,2024-09-19,6,4.93,0.5596,0.1191,0.2113,0.6207,0.4226
OSCR,2024-09-11,2024-09-17,4,21.93,0.9139,0.2693,0.1628,0.606,0.3709
U,2024-09-12,2024-09-17,3,20.63,0.9317,0.373,0.1216,0.5982,0.3568
ZETA,2024-09-05,2024-09-17,8,27.44,0.7176,0.1808,0.1074,0.4295,0.2595
APLD,2024-09-05,2024-09-16,7,5.89,0.3208,0.0383,0.0141,0.4736,0.9978
GTLB,2024-09-04,2024-09-13,7,54.49,0.5904,0.1076,0.0721,0.5649,0.9651
MNKD,2024-08-28,2024-09-13,11,6.27,0.7905,0.2057,0.0361,0.6145,0.6145
BBIO,2024-08-30,2024-09-09,5,30.7,0.8235,0.1928,0.0728,0.741,0.8997
TCOM,2024-08-27,2024-09-09,8,47.26,0.5453,0.2174,0.0855,0.4977,0.7855
BOX,2024-08-28,2024-09-05,5,32.74,0.7643,0.1858,0.1859,0.7065,0.88
WDAY,2024-08-23,2024-08-29,4,262.36,0.5275,0.1479,0.0054,0.5761,0.6074
TJX,2024-08-21,2024-08-26,3,120.13,0.7069,0.3473,0.2159,0.4599,0.4364
CSCO,2024-08-15,2024-08-23,6,50.74,0.7498,0.3583,0.2207,0.4318,0.1823
TGTX,2024-08-06,2024-08-23,13,24.46,0.4958,0.1883,0.0463,0.5012,0.7094
SE,2024-08-13,2024-08-22,7,82.75,0.7589,0.2708,0.0741,0.3559,0.1854
WULF,2024-08-15,2024-08-22,5,4.81,0.8387,0.3775,0.0415,0.7256,0.3524
YUMC,2024-08-06,2024-08-22,12,33.77,0.4788,0.1616,0.2263,0.59,0.8757
AMD,2024-07-31,2024-08-21,15,157.81,0.7267,0.3744,0.2394,0.5071,0.5992
EVH,2024-08-09,2024-08-21,8,28.11,0.43,0.1285,0.0413,0.4883,0.8185
U,2024-08-09,2024-08-21,8,17.3,0.6107,0.1917,0.2142,0.607,0.0833
UAA,2024-08-08,2024-08-21,9,8.4,0.7167,0.2362,0.099,0.6767,0.2146
WMT,2024-08-15,2024-08-21,4,75.24,0.7615,0.2992,0.0452,0.7463,0.2563
DDOG,2024-08-08,2024-08-20,8,116.1,0.4458,0.1879,0.146,0.4308,0.5598
KEY,2024-08-12,2024-08-20,6,16.66,0.8272,0.3044,0.0542,0.4881,0.7773
NU,2024-08-14,2024-08-20,4,14.45,0.8867,0.45,0.0,0.3656,0.0962
TTD,2024-08-09,2024-08-20,7,102.14,0.4198,0.1447,0.1088,0.4378,0.3211
UA,2024-08-08,2024-08-20,8,8.06,0.8273,0.2393,0.2127,0.4431,0.0355
ZETA,2024-08-01,2024-08-20,13,24.44,0.5912,0.2011,0.0839,0.5035,0.9148
APP,2024-08-08,2024-08-19,7,85.815,0.4799,0.1979,0.0408,0.4707,0.2657
BLND,2024-08-09,2024-08-19,6,3.97,0.8132,0.1552,0.0,0.6191,0.6895
DOCS,2024-08-09,2024-08-19,6,36.03,0.7268,0.1407,0.0321,0.5718,0.7838
ONON,2024-08-13,2024-08-19,4,42.45,0.5637,0.1586,0.2086,0.4985,0.3815
PAYO,2024-08-07,2024-08-19,8,7.14,0.7243,0.2043,0.0728,0.6915,0.2548
ADMA,2024-08-09,2024-08-15,4,17.59,0.677,0.1989,0.1809,0.6389,0.3166
ANET,2024-07-31,2024-08-15,11,89.15,0.5216,0.2322,0.1113,0.3707,0.5252
FTNT,2024-08-07,2024-08-15,6,73.4,0.66,0.195,0.0506,0.5504,0.1815
LLY,2024-08-08,2024-08-15,5,931.58,0.7208,0.3264,0.1282,0.5207,0.1849
MMM,2024-07-26,2024-08-15,14,127.16,0.5849,0.1026,0.049,0.5411,0.4563
NET,2024-08-02,2024-08-15,9,82.16,0.5625,0.1599,0.059,0.6493,0.3807
PLTR,2024-08-06,2024-08-15,7,31.22,0.7785,0.4357,0.0563,0.4162,0.1721
GENI,2024-08-06,2024-08-14,6,7.04,0.4563,0.1798,0.2146,0.4962,0.1609
KVUE,2024-08-06,2024-08-14,6,21.18,0.8846,0.3707,0.0363,0.6344,0.5619
UBER,2024-08-06,2024-08-14,6,71.93,0.592,0.2313,0.1207,0.5083,0.0256
VST,2024-07-31,2024-08-14,10,79.25,0.6649,0.3265,0.2063,0.6938,0.7343
RTX,2024-07-25,2024-08-13,13,116.86,0.9041,0.3942,0.0331,0.5624,0.6806
META,2024-08-01,2024-08-12,7,515.95,0.5321,0.2267,0.0473,0.4637,0.5833
BAX,2024-08-06,2024-08-09,3,37.15,0.7196,0.3306,0.236,0.5806,0.6986
DASH,2024-08-02,2024-08-09,5,123.81,0.6911,0.3085,0.1792,0.434,0.5096
RKT,2024-08-02,2024-08-09,5,17.97,0.7594,0.2602,0.136,0.711,0.7691
TEVA,2024-07-31,2024-08-09,7,17.43,0.7084,0.2446,0.23,0.6652,0.9773
INFY,2024-07-18,2024-07-29,7,22.6,0.7044,0.212,0.0646,0.4411,0.7316
USB,2024-07-17,2024-07-29,8,45.37,0.5091,0.2352,0.239,0.5805,0.4885
HUMA,2024-07-01,2024-07-23,15,8.29,0.5359,0.241,0.083,0.664,0.9683
VFC,2024-07-17,2024-07-23,4,16.27,0.6538,0.1585,0.1903,0.549,0.9076
ALT,2024-06-21,2024-07-12,14,7.9,0.4769,0.2269,0.1785,0.6316,0.9577
BAX,2024-07-05,2024-07-12,5,35.32,0.7671,0.3253,0.076,0.6585,0.2786
BCRX,2024-06-21,2024-07-12,14,7.15,0.6989,0.1575,0.0317,0.7248,0.2532
SVRA,2024-06-28,2024-07-10,7,4.83,0.2237,0.0789,0.0652,0.6842,0.2281
JOBY,2024-06-21,2024-07-05,9,5.16,0.6565,0.3999,0.1232,0.616,0.7803
ALNY,2024-06-24,2024-07-03,7,248.68,0.541,0.1033,0.1488,0.4519,0.4519
SUZ,2024-06-27,2024-07-03,4,10.35,0.7982,0.1815,0.0974,0.6819,0.8767
DBX,2024-06-21,2024-07-02,7,22.6,0.5044,0.1695,0.0195,0.7218,0.1951
FDX,2024-06-26,2024-07-02,4,235.3964,0.7341,0.1649,0.2449,0.6683,0.593
ORCL,2024-06-12,2024-07-02,13,143.28,0.4835,0.1449,0.2062,0.5297,0.647
WHR,2024-06-26,2024-07-02,4,102.23,0.787,0.1379,0.009,0.4855,0.4166
REPL,2024-06-21,2024-06-26,3,8.71,0.4072,0.0895,0.0972,0.5555,0.5555
SFIX,2024-06-05,2024-06-26,14,3.84,0.4442,0.0687,0.1566,0.7242,0.9786
ADBE,2024-06-14,2024-06-25,6,526.88,0.6473,0.2118,0.0455,0.4982,0.5437
GLW,2024-06-17,2024-06-25,5,39.77,0.7133,0.3915,0.0514,0.4751,0.8808
COHR,2024-06-03,2024-06-18,11,73.43,0.8626,0.1883,0.181,0.6474,0.6335
CRWD,2024-06-05,2024-06-14,7,96.3588,0.6611,0.213,0.2344,0.491,0.3596
CRDO,2024-05-30,2024-06-12,9,29.08,0.6842,0.1717,0.0585,0.5629,0.5888
BBY,2024-05-30,2024-06-06,5,88.16,0.7177,0.2069,0.1069,0.4276,0.3289
VFC,2024-05-31,2024-06-06,4,13.57,0.7636,0.3703,0.1121,0.3682,0.7485
INSM,2024-05-28,2024-06-05,6,57.83,0.4886,0.0783,0.0146,0.7196,0.2896
BCRX,2024-05-15,2024-06-04,13,6.74,0.6116,0.2557,0.0762,0.5967,0.6221
NVDA,2024-05-23,2024-06-04,7,116.437,0.9219,0.483,0.1679,0.5951,0.038
WOOF,2024-05-30,2024-06-04,3,3.98,0.4999,0.2485,0.1832,0.519,0.7938
NXT,2024-05-15,2024-05-30,10,56.65,0.4389,0.1585,0.1887,0.5359,0.6202
EXK,2024-05-09,2024-05-29,13,4.05,0.6136,0.2542,0.089,0.5341,0.6677
FSM,2024-05-17,2024-05-29,7,6.19,0.6399,0.3038,0.1668,0.6257,0.7091
MGNI,2024-05-16,2024-05-29,8,12.21,0.4816,0.0914,0.0559,0.6285,0.9648
M,2024-05-21,2024-05-24,3,20.18,0.733,0.2014,0.0,0.7208,0.7291
WMT,2024-05-16,2024-05-24,6,65.38,0.6566,0.1948,0.2409,0.6553,0.2987
ZTO,2024-05-16,2024-05-23,5,24.51,0.8864,0.3236,0.1528,0.5279,0.8474
BMBL,2024-05-09,2024-05-21,8,12.02,0.6924,0.2375,0.2053,0.6876,0.9647
FIS,2024-05-07,2024-05-21,10,78.11,0.6135,0.2973,0.2103,0.6099,0.4346
ONON,2024-05-14,2024-05-20,4,38.36,0.6455,0.1444,0.2023,0.6745,0.1778
INOD,2024-05-08,2024-05-17,7,12.01,0.25,0.0207,0.0232,0.5219,0.9163
IP,2024-05-07,2024-05-17,8,40.64,0.4346,0.1271,0.1238,0.4951,0.5836
VOD,2024-05-14,2024-05-17,3,9.79,0.9323,0.3446,0.1526,0.5086,0.2543
ADMA,2024-05-10,2024-05-16,4,9.06,0.6918,0.1807,0.1494,0.5577,0.8065
AMGN,2024-05-03,2024-05-16,9,314.72,0.798,0.2455,0.0114,0.681,0.9975
GOOGL,2024-04-26,2024-05-16,14,174.18,0.9073,0.431,0.2301,0.6269,0.2417
IAG,2024-05-10,2024-05-16,4,4.4,0.8123,0.2935,0.219,0.4927,0.8212
PAAS,2024-05-09,2024-05-16,5,20.6,0.9325,0.3825,0.0404,0.7068,0.6462
PFE,2024-05-01,2024-05-16,11,28.92,0.8905,0.411,0.0834,0.6001,0.1834
ZETA,2024-05-07,2024-05-16,7,17.1,0.8365,0.2391,0.1705,0.7162,0.2387
CRBG,2024-05-02,2024-05-15,9,30.16,0.675,0.2588,0.209,0.7489,0.9521
HIMS,2024-05-07,2024-05-15,6,13.84,0.7301,0.2099,0.1998,0.7119,0.2873
AAPL,2024-05-03,2024-05-14,7,187.43,0.8112,0.321,0.0217,0.5441,0.2355
ELAN,2024-05-08,2024-05-14,4,17.07,0.631,0.1655,0.1384,0.5814,0.5537
MLCO,2024-05-02,2024-05-14,8,8.25,0.6629,0.3386,0.1506,0.5723,0.241
MMM,2024-04-30,2024-05-14,10,100.08,0.5972,0.1777,0.077,0.7186,0.852
TDS,2024-05-09,2024-05-14,3,21.06,0.725,0.112,0.0797,0.682,0.3375
TOST,2024-05-08,2024-05-14,4,27.16,0.8,0.2472,0.0,0.705,0.5076
ANET,2024-05-08,2024-05-13,3,77.4675,0.9171,0.3598,0.1978,0.7246,0.5708
GLW,2024-04-30,2024-05-13,9,34.28,0.4872,0.1883,0.1854,0.4802,0.3202
NWL,2024-04-26,2024-05-13,11,8.24,0.9134,0.3998,0.0317,0.5711,0.4442
TECK,2024-04-25,2024-05-10,11,51.7,0.7097,0.2805,0.0,0.7088,0.4789
ASPN,2024-05-02,2024-05-09,5,26.71,0.6822,0.0848,0.0197,0.6236,0.3151
FHN,2024-05-02,2024-05-09,5,15.88,0.8937,0.431,0.1445,0.4912,0.3756
PINS,2024-05-01,2024-05-09,6,42.65,0.5283,0.1341,0.0438,0.5107,0.1459
QCOM,2024-05-02,2024-05-09,5,180.54,0.6381,0.2129,0.0973,0.4803,0.7977
ST,2024-04-30,2024-05-09,7,42.64,0.597,0.1129,0.0403,0.5397,0.2417
AQN,2024-05-02,2024-05-08,4,6.62,0.9261,0.3057,0.0539,0.6465,0.9159
W,2024-05-02,2024-05-08,4,68.21,0.7963,0.3079,0.0681,0.6783,0.385
CARR,2024-04-25,2024-05-07,8,64.26,0.9424,0.459,0.1235,0.5879,0.2528
CMG,2024-04-25,2024-05-07,8,63.8736,0.7981,0.3222,0.2061,0.6296,0.8152
FLG,2024-05-01,2024-05-07,4,11.0101,0.8389,0.1899,0.0805,0.6439,0.4628
FULT,2024-04-29,2024-05-07,6,17.06,0.8362,0.1746,0.0608,0.5375,0.5679
SE,2024-04-16,2024-05-07,15,65.16,0.7893,0.3625,0.0604,0.6447,0.806
TXN,2024-04-24,2024-05-07,9,182.67,0.8468,0.369,0.194,0.4667,0.223
AXTA,2024-05-01,2024-05-06,3,35.48,0.8644,0.2506,0.0261,0.495,0.1433
VRT,2024-04-24,2024-05-03,7,93.01,0.4371,0.165,0.2243,0.4448,0.5159
SYF,2024-04-24,2024-04-29,3,44.7,0.6454,0.2939,0.0,0.5514,0.6705
FITB,2024-04-19,2024-04-26,5,36.9,0.5131,0.1792,0.1335,0.545,0.4171
UAL,2024-04-17,2024-04-26,7,52.84,0.4642,0.1022,0.1117,0.5926,0.889
GRAB,2024-04-18,2024-04-25,5,3.5,0.6287,0.3336,0.0932,0.5594,0.6526
CPNG,2024-04-12,2024-04-18,4,22.3,0.8744,0.2629,0.1256,0.6969,0.7408
TME,2024-03-19,2024-04-08,13,11.59,0.4192,0.164,0.0987,0.3455,0.5182
FCX,2024-03-13,2024-04-01,12,47.33,0.7173,0.3931,0.1602,0.4767,0.3845
CALY,2024-03-20,2024-03-28,6,16.17,0.6884,0.1408,0.0689,0.5298,0.6891
WSM,2024-03-13,2024-03-27,10,157.01,0.3542,0.1179,0.1177,0.637,0.3956
TGT,2024-03-05,2024-03-26,15,172.64,0.7088,0.1528,0.0028,0.5754,0.8151
OIS,2024-03-15,2024-03-25,6,6.11,0.3613,0.0585,0.1207,0.4226,0.5216
GERN,2024-03-15,2024-03-22,5,3.31,0.3585,0.062,0.0,0.3955,0.6262
DOCU,2024-03-08,2024-03-20,8,58.54,0.4998,0.1382,0.2253,0.6905,0.622
DXCM,2024-03-06,2024-03-19,9,134.17,0.6017,0.2385,0.0807,0.6395,0.8922
JD,2024-03-06,2024-03-19,9,27.59,0.7332,0.2479,0.0783,0.5445,0.8355
KR,2024-03-07,2024-03-19,8,56.48,0.8193,0.3007,0.0742,0.5099,0.3523
MNST,2024-02-29,2024-03-18,12,30.395,0.6884,0.353,0.0831,0.6513,0.4019
EBAY,2024-02-28,2024-03-14,11,52.25,0.8213,0.3331,0.1975,0.6993,0.469
M,2024-03-04,2024-03-13,7,20.95,0.6732,0.3572,0.0576,0.6225,0.634
BGC,2024-03-04,2024-03-12,6,8.5,0.8274,0.1883,0.1362,0.6468,0.5787
HIMS,2024-02-26,2024-03-12,11,14.62,0.4535,0.3367,0.191,0.7004,0.3948
MBLY,2024-03-06,2024-03-11,3,27.72,0.6311,0.2001,0.1149,0.7335,0.8315
TOST,2024-02-16,2024-03-11,15,24.65,0.4957,0.1737,0.1585,0.634,0.9709
EQT,2024-02-21,2024-03-08,12,37.52,0.4697,0.2158,0.1147,0.607,0.7551
SG,2024-03-01,2024-03-08,5,18.76,0.6642,0.2186,0.0321,0.4708,0.5458
WFC,2024-02-15,2024-03-07,14,57.0,0.8952,0.3898,0.0433,0.702,0.5893
ADT,2024-02-28,2024-03-06,5,7.47,0.9073,0.2723,0.0771,0.4627,0.5013
APG,2024-03-01,2024-03-06,3,25.5867,0.6717,0.1774,0.0,0.5615,0.3794
MU,2024-02-26,2024-03-06,7,95.56,0.9045,0.4921,0.1883,0.6912,0.6719
OCUL,2024-02-22,2024-03-05,8,10.93,0.7024,0.1732,0.1777,0.7003,0.5332
OUT,2024-02-22,2024-03-05,8,15.7166,0.9105,0.2653,0.2401,0.7058,0.4114
CVNA,2024-02-23,2024-03-04,6,16.308,0.5511,0.1399,0.0981,0.7285,0.5027
FIS,2024-02-26,2024-03-04,5,69.45,0.8764,0.3985,0.0449,0.6224,0.3272
COIN,2024-02-16,2024-03-01,9,205.77,0.6293,0.2798,0.2182,0.7378,0.4585
NCLH,2024-02-27,2024-03-01,3,19.29,0.8334,0.2413,0.2347,0.7046,0.5399
W,2024-02-22,2024-03-01,6,60.12,0.6377,0.2202,0.1182,0.5985,0.4197
ZM,2024-02-27,2024-03-01,3,70.91,0.8716,0.2302,0.036,0.5534,0.2008
AR,2024-02-15,2024-02-29,9,25.7,0.7642,0.3098,0.2244,0.6262,0.8417
CMG,2024-02-07,2024-02-29,15,53.7754,0.7883,0.2191,0.1791,0.6914,0.8543
LI,2024-02-26,2024-02-29,3,45.88,0.8098,0.2304,0.1341,0.5775,0.2888
TAL,2024-02-08,2024-02-28,13,14.63,0.4931,0.2044,0.0558,0.5299,0.9929
AMAT,2024-02-16,2024-02-27,6,202.86,0.7022,0.3321,0.131,0.4847,0.5885
META,2024-02-02,2024-02-26,15,481.74,0.5005,0.1429,0.1281,0.4103,0.9347
AVTR,2024-02-14,2024-02-22,5,24.59,0.6722,0.275,0.0523,0.6407,0.5231
ONON,2024-02-14,2024-02-22,5,32.26,0.7261,0.3177,0.0814,0.588,0.891
OWL,2024-02-09,2024-02-22,8,17.95,0.5281,0.1847,0.0577,0.4786,0.8765
DIS,2024-02-08,2024-02-16,6,111.6,0.5632,0.145,0.164,0.5467,0.5154
JOBY,2024-02-12,2024-02-16,4,6.2,0.8139,0.3493,0.1465,0.5862,0.9379
SNOW,2024-02-02,2024-02-16,10,230.31,0.6308,0.3026,0.0398,0.7283,0.8684
EMR,2024-02-07,2024-02-15,6,105.71,0.8704,0.3422,0.1655,0.5242,0.4092
ENPH,2024-02-07,2024-02-15,6,136.39,0.9458,0.31,0.1271,0.6268,0.2314
GEHC,2024-02-06,2024-02-13,5,82.31,0.7695,0.2022,0.0184,0.716,0.4598
COHR,2024-02-06,2024-02-09,3,62.35,0.8516,0.2274,0.1736,0.7458,0.5051
NXT,2024-02-01,2024-02-09,6,58.07,0.4136,0.0979,0.1888,0.6236,0.3371
AMZN,2024-02-02,2024-02-08,4,169.84,0.8429,0.361,0.0503,0.675,0.7041
NVO,2024-01-31,2024-02-08,6,118.39,0.883,0.3574,0.1585,0.5223,0.5969
ETSY,2024-02-01,2024-02-06,3,74.85,0.5378,0.1676,0.0714,0.5652,0.5414
